codigo_renaes,emergencias_total
00000001,15358.0
00000003,8156.0
00000007,7709.0
00000066,851.0
00000161,321.0
00000185,7183.0
00000191,1071.0
00000192,2388.0
00000193,3206.0
00000194,42.0
00000195,2.0
00000196,404.0
00000197,566.0
00000199,2.0
00000200,92.0
00000201,144.0
00000202,1026.0
00000204,469.0
00000205,386.0
00000210,11004.0
00000211,15.0
00000213,2.0
00000214,2306.0
00000215,0.0
00000219,988.0
00000220,469.0
00000226,992.0
00000227,934.0
00000232,2731.0
00000308,3028.0
00000310,0.0
00000311,1.0
00000312,0.0
00000314,15.0
00000315,14.0
00000316,2.0
00000317,4.0
00000318,963.0
00000319,11.0
00000320,419.0
00000321,20.0
00000322,0.0
00000323,0.0
00000324,0.0
00000325,1.0
00000326,0.0
00000327,0.0
00000328,0.0
00000329,0.0
00000330,57.0
00000331,0.0
00000332,0.0
00000333,0.0
00000334,0.0
00000335,0.0
00000336,2.0
00000337,0.0
00000338,0.0
00000339,0.0
00000340,3981.0
00000341,0.0
00000342,0.0
00000343,0.0
00000344,0.0
00000345,0.0
00000346,0.0
00000347,0.0
00000348,0.0
00000349,0.0
00000350,0.0
00000351,0.0
00000352,0.0
00000353,0.0
00000354,2379.0
00000355,0.0
00000356,0.0
00000357,0.0
00000358,0.0
00000359,0.0
00000360,0.0
00000361,0.0
00000362,0.0
00000363,0.0
00000365,5459.0
00000367,0.0
00000368,0.0
00000369,0.0
00000370,0.0
00000371,0.0
00000372,0.0
00000373,0.0
00000374,0.0
00000375,0.0
00000376,0.0
00000377,0.0
00000378,0.0
00000379,0.0
00000380,0.0
00000381,0.0
00000382,0.0
00000383,0.0
00000384,0.0
00000385,0.0
00000386,0.0
00000388,0.0
00000389,0.0
00000390,0.0
00000391,0.0
00000393,0.0
00000394,0.0
00000395,0.0
00000397,0.0
00000398,0.0
00000399,0.0
00000400,0.0
00000401,0.0
00000402,0.0
00000403,0.0
00000404,0.0
00000405,0.0
00000406,0.0
00000407,0.0
00000408,0.0
00000409,0.0
00000410,0.0
00000411,0.0
00000412,0.0
00000413,0.0
00000414,0.0
00000415,0.0
00000416,0.0
00000417,0.0
00000418,0.0
00000419,0.0
00000421,0.0
00000422,0.0
00000423,0.0
00000424,0.0
00000425,0.0
00000426,0.0
00000427,0.0
00000428,0.0
00000429,0.0
00000430,0.0
00000431,0.0
00000432,6475.0
00000433,0.0
00000434,1171.0
00000435,0.0
00000436,0.0
00000437,0.0
00000438,0.0
00000439,6.0
00000440,0.0
00000442,3245.0
00000443,0.0
00000444,0.0
00000445,0.0
00000446,0.0
00000447,0.0
00000448,0.0
00000449,0.0
00000450,0.0
00000451,0.0
00000452,0.0
00000453,0.0
00000454,0.0
00000455,0.0
00000456,0.0
00000457,0.0
00000458,0.0
00000459,0.0
00000460,0.0
00000461,0.0
00000462,0.0
00000463,0.0
00000464,0.0
00000465,0.0
00000466,0.0
00000467,0.0
00000468,0.0
00000469,0.0
00000470,0.0
00000471,0.0
00000472,0.0
00000473,0.0
00000474,0.0
00000475,0.0
00000477,0.0
00000478,0.0
00000479,0.0
00000480,0.0
00000481,0.0
00000482,0.0
00000483,0.0
00000484,0.0
00000485,0.0
00000486,0.0
00000487,0.0
00000488,0.0
00000489,0.0
00000490,3.0
00000491,0.0
00000492,0.0
00000493,0.0
00000494,0.0
00000495,0.0
00000496,0.0
00000497,0.0
00000498,0.0
00000499,0.0
00000500,0.0
00000501,0.0
00000502,0.0
00000503,0.0
00000504,0.0
00000505,0.0
00000506,0.0
00000507,0.0
00000509,0.0
00000510,0.0
00000511,0.0
00000512,0.0
00000513,0.0
00000514,0.0
00000515,0.0
00000516,0.0
00000517,0.0
00000518,0.0
00000519,390.0
00000520,2648.0
00000521,527.0
00000522,0.0
00000523,0.0
00000524,0.0
00000525,0.0
00000526,0.0
00000527,0.0
00000528,0.0
00000529,0.0
00000530,0.0
00000531,0.0
00000532,0.0
00000533,0.0
00000534,0.0
00000535,0.0
00000536,0.0
00000537,0.0
00000538,0.0
00000539,0.0
00000540,0.0
00000541,0.0
00000542,184.0
00000543,0.0
00000544,0.0
00000545,0.0
00000546,0.0
00000547,0.0
00000548,0.0
00000550,0.0
00000551,0.0
00000552,0.0
00000553,0.0
00000554,0.0
00000555,0.0
00000556,0.0
00000557,0.0
00000558,0.0
00000559,0.0
00000560,0.0
00000561,0.0
00000562,0.0
00000563,0.0
00000564,0.0
00000565,0.0
00000566,0.0
00000567,0.0
00000568,0.0
00000569,0.0
00000570,0.0
00000571,0.0
00000572,0.0
00000573,0.0
00000574,0.0
00000575,0.0
00000576,0.0
00000577,0.0
00000578,0.0
00000579,0.0
00000580,0.0
00000581,0.0
00000582,0.0
00000584,0.0
00000585,0.0
00000586,0.0
00000587,0.0
00000588,0.0
00000589,0.0
00000590,0.0
00000591,0.0
00000592,0.0
00000593,0.0
00000595,0.0
00000596,0.0
00000597,0.0
00000598,0.0
00000599,0.0
00000600,0.0
00000601,0.0
00000602,0.0
00000603,0.0
00000604,0.0
00000605,0.0
00000606,0.0
00000607,0.0
00000608,923.0
00000609,0.0
00000610,0.0
00000611,36.0
00000612,1.0
00000613,0.0
00000614,0.0
00000615,0.0
00000616,0.0
00000617,0.0
00000619,0.0
00000620,28.0
00000621,0.0
00000622,0.0
00000623,0.0
00000624,0.0
00000625,0.0
00000626,0.0
00000627,0.0
00000628,0.0
00000629,51.0
00000630,1.0
00000631,0.0
00000632,0.0
00000633,0.0
00000634,0.0
00000635,0.0
00000636,0.0
00000637,0.0
00000638,0.0
00000639,0.0
00000640,0.0
00000641,0.0
00000642,0.0
00000643,0.0
00000644,0.0
00000645,0.0
00000646,0.0
00000647,0.0
00000648,0.0
00000649,0.0
00000650,0.0
00000651,0.0
00000652,0.0
00000653,0.0
00000654,0.0
00000655,0.0
00000656,0.0
00000657,0.0
00000658,0.0
00000659,0.0
00000660,0.0
00000661,0.0
00000662,0.0
00000663,0.0
00000664,0.0
00000665,0.0
00000666,0.0
00000667,0.0
00000668,0.0
00000669,0.0
00000670,0.0
00000671,1062.0
00000672,0.0
00000673,0.0
00000676,0.0
00000677,0.0
00000678,0.0
00000679,0.0
00000680,0.0
00000681,0.0
00000682,0.0
00000683,0.0
00000684,0.0
00000685,0.0
00000686,0.0
00000687,0.0
00000688,0.0
00000689,0.0
00000690,0.0
00000691,0.0
00000692,0.0
00000693,0.0
00000694,0.0
00000695,0.0
00000696,0.0
00000697,0.0
00000698,0.0
00000699,0.0
00000700,0.0
00000701,0.0
00000702,0.0
00000703,0.0
00000705,725.0
00000706,0.0
00000707,0.0
00000708,0.0
00000709,0.0
00000710,0.0
00000711,0.0
00000712,0.0
00000713,0.0
00000714,0.0
00000715,0.0
00000716,0.0
00000717,0.0
00000718,0.0
00000719,0.0
00000720,0.0
00000721,0.0
00000722,0.0
00000723,0.0
00000724,0.0
00000725,0.0
00000726,0.0
00000727,31233.0
00000728,7765.0
00000729,0.0
00000730,0.0
00000731,0.0
00000732,0.0
00000733,0.0
00000734,0.0
00000735,0.0
00000736,0.0
00000737,0.0
00000738,0.0
00000739,0.0
00000740,0.0
00000741,0.0
00000742,0.0
00000743,0.0
00000744,0.0
00000745,0.0
00000746,0.0
00000747,0.0
00000748,0.0
00000749,0.0
00000750,0.0
00000751,0.0
00000752,0.0
00000753,10304.0
00000754,9291.0
00000755,1607.0
00000756,1444.0
00000757,0.0
00000760,0.0
00000761,0.0
00000762,0.0
00000763,0.0
00000775,0.0
00000776,0.0
00000789,0.0
00000793,0.0
00000794,0.0
00000795,0.0
00000796,0.0
00000802,75.0
00000804,7.0
00000810,181.0
00000813,0.0
00000845,17.0
00000850,4.0
00000851,5.0
00000853,1.0
00000854,0.0
00000877,0.0
00000878,0.0
00000879,0.0
00000880,0.0
00000881,0.0
00000882,0.0
00000883,0.0
00000884,0.0
00000885,0.0
00000886,0.0
00000887,572.0
00000888,0.0
00000889,0.0
00000890,0.0
00000891,0.0
00000892,0.0
00000893,0.0
00000894,0.0
00000895,0.0
00000896,0.0
00000897,0.0
00000898,0.0
00000899,0.0
00000900,0.0
00000901,0.0
00000902,0.0
00000903,0.0
00000904,0.0
00000905,0.0
00000906,0.0
00000932,7026.0
00000978,0.0
00000979,3688.0
00000980,827.0
00000981,1542.0
00000991,0.0
00000995,71.0
00000996,0.0
00000997,0.0
00000998,0.0
00000999,0.0
00001000,0.0
00001001,0.0
00001002,0.0
00001003,0.0
00001004,0.0
00001005,0.0
00001006,0.0
00001007,0.0
00001009,49.0
00001010,0.0
00001011,0.0
00001026,251.0
00001027,0.0
00001028,0.0
00001029,0.0
00001036,0.0
00001037,6.0
00001038,0.0
00001040,0.0
00001041,0.0
00001047,0.0
00001048,0.0
00001049,0.0
00001050,0.0
00001051,34.0
00001052,0.0
00001053,0.0
00001055,0.0
00001056,0.0
00001058,0.0
00001059,0.0
00001060,0.0
00001061,0.0
00001062,0.0
00001063,0.0
00001064,4.0
00001065,0.0
00001066,0.0
00001067,0.0
00001069,0.0
00001073,0.0
00001074,0.0
00001075,0.0
00001076,0.0
00001077,0.0
00001078,0.0
00001079,0.0
00001080,0.0
00001081,34.0
00001082,0.0
00001083,0.0
00001084,0.0
00001085,12.0
00001086,0.0
00001087,1.0
00001088,8.0
00001089,35.0
00001090,3.0
00001091,32.0
00001092,3.0
00001093,162.0
00001094,0.0
00001095,0.0
00001096,0.0
00001097,0.0
00001098,0.0
00001099,0.0
00001100,0.0
00001101,0.0
00001102,0.0
00001103,0.0
00001104,0.0
00001107,0.0
00001108,1736.0
00001109,0.0
00001110,0.0
00001111,0.0
00001112,0.0
00001113,0.0
00001114,0.0
00001115,0.0
00001116,0.0
00001118,369.0
00001119,0.0
00001120,0.0
00001121,0.0
00001122,0.0
00001123,0.0
00001125,0.0
00001126,0.0
00001128,0.0
00001129,0.0
00001130,0.0
00001131,0.0
00001132,0.0
00001133,24.0
00001134,0.0
00001135,0.0
00001136,0.0
00001137,0.0
00001138,0.0
00001139,0.0
00001140,0.0
00001141,0.0
00001142,0.0
00001143,0.0
00001144,0.0
00001145,0.0
00001146,0.0
00001147,0.0
00001148,0.0
00001149,0.0
00001150,0.0
00001151,0.0
00001152,0.0
00001153,0.0
00001154,0.0
00001155,0.0
00001156,224.0
00001157,0.0
00001158,0.0
00001159,0.0
00001160,0.0
00001161,0.0
00001162,0.0
00001163,0.0
00001164,0.0
00001165,0.0
00001166,0.0
00001167,0.0
00001168,0.0
00001169,0.0
00001170,0.0
00001171,0.0
00001172,0.0
00001173,0.0
00001174,0.0
00001176,0.0
00001177,0.0
00001178,0.0
00001179,0.0
00001180,52.0
00001181,8.0
00001182,0.0
00001183,5.0
00001184,2.0
00001186,0.0
00001187,0.0
00001188,0.0
00001189,0.0
00001190,0.0
00001193,0.0
00001195,0.0
00001196,0.0
00001197,0.0
00001199,0.0
00001200,0.0
00001205,0.0
00001206,0.0
00001207,1.0
00001212,0.0
00001213,0.0
00001214,0.0
00001217,0.0
00001218,425.0
00001219,0.0
00001220,0.0
00001221,0.0
00001222,0.0
00001223,0.0
00001224,0.0
00001225,0.0
00001226,0.0
00001227,0.0
00001228,0.0
00001229,0.0
00001230,0.0
00001231,13151.0
00001232,11741.0
00001233,0.0
00001234,0.0
00001235,0.0
00001236,0.0
00001237,138.0
00001238,0.0
00001239,0.0
00001241,0.0
00001242,0.0
00001243,0.0
00001244,0.0
00001245,0.0
00001246,0.0
00001247,0.0
00001248,0.0
00001249,0.0
00001250,0.0
00001251,0.0
00001252,0.0
00001253,0.0
00001254,0.0
00001255,0.0
00001256,0.0
00001257,0.0
00001258,0.0
00001259,3846.0
00001260,0.0
00001261,0.0
00001262,0.0
00001263,0.0
00001264,0.0
00001267,0.0
00001268,0.0
00001269,0.0
00001270,0.0
00001271,0.0
00001272,0.0
00001273,0.0
00001274,0.0
00001275,0.0
00001276,0.0
00001277,0.0
00001279,0.0
00001280,0.0
00001281,0.0
00001282,0.0
00001283,0.0
00001284,0.0
00001285,0.0
00001286,0.0
00001287,0.0
00001288,0.0
00001289,0.0
00001290,0.0
00001291,0.0
00001292,686.0
00001293,0.0
00001294,889.0
00001295,0.0
00001296,439.0
00001297,0.0
00001298,0.0
00001299,0.0
00001300,0.0
00001301,0.0
00001302,0.0
00001303,0.0
00001304,0.0
00001305,0.0
00001306,0.0
00001307,0.0
00001308,0.0
00001309,0.0
00001310,0.0
00001311,0.0
00001312,0.0
00001313,0.0
00001314,0.0
00001315,0.0
00001316,0.0
00001317,0.0
00001318,0.0
00001319,0.0
00001320,0.0
00001321,0.0
00001322,0.0
00001324,0.0
00001325,1130.0
00001326,0.0
00001327,0.0
00001328,0.0
00001329,0.0
00001330,0.0
00001334,0.0
00001335,0.0
00001336,0.0
00001337,0.0
00001339,0.0
00001340,0.0
00001341,0.0
00001342,0.0
00001344,4556.0
00001345,0.0
00001346,0.0
00001347,0.0
00001348,0.0
00001352,947.0
00001353,0.0
00001354,0.0
00001355,0.0
00001356,0.0
00001357,0.0
00001358,0.0
00001359,0.0
00001360,0.0
00001361,0.0
00001362,0.0
00001363,0.0
00001364,0.0
00001366,0.0
00001373,61.0
00001374,25.0
00001375,11.0
00001376,2.0
00001378,0.0
00001382,1119.0
00001383,0.0
00001384,0.0
00001385,0.0
00001386,0.0
00001387,0.0
00001388,171.0
00001389,0.0
00001390,0.0
00001391,0.0
00001392,0.0
00001393,0.0
00001394,0.0
00001395,0.0
00001396,0.0
00001397,0.0
00001398,0.0
00001399,0.0
00001400,0.0
00001401,0.0
00001402,0.0
00001403,0.0
00001404,0.0
00001405,0.0
00001406,0.0
00001407,0.0
00001408,0.0
00001409,0.0
00001410,0.0
00001411,0.0
00001412,0.0
00001413,0.0
00001414,0.0
00001415,0.0
00001416,0.0
00001418,0.0
00001419,701.0
00001420,0.0
00001421,0.0
00001422,0.0
00001423,0.0
00001424,0.0
00001425,0.0
00001426,0.0
00001427,0.0
00001428,0.0
00001429,0.0
00001430,0.0
00001431,0.0
00001432,0.0
00001433,0.0
00001434,0.0
00001435,0.0
00001436,0.0
00001437,0.0
00001438,0.0
00001440,0.0
00001441,0.0
00001442,0.0
00001443,84.0
00001445,203.0
00001446,222.0
00001447,0.0
00001448,0.0
00001449,8.0
00001450,0.0
00001451,0.0
00001452,0.0
00001453,0.0
00001454,0.0
00001455,0.0
00001456,0.0
00001457,0.0
00001458,0.0
00001459,0.0
00001460,0.0
00001461,0.0
00001462,0.0
00001463,0.0
00001464,0.0
00001465,0.0
00001466,0.0
00001467,0.0
00001468,0.0
00001469,0.0
00001470,0.0
00001471,0.0
00001472,1341.0
00001473,0.0
00001474,0.0
00001475,0.0
00001476,0.0
00001477,0.0
00001478,0.0
00001479,0.0
00001480,0.0
00001481,0.0
00001482,0.0
00001483,0.0
00001484,0.0
00001485,0.0
00001486,0.0
00001487,0.0
00001488,0.0
00001489,0.0
00001490,34.0
00001491,0.0
00001492,0.0
00001493,127.0
00001494,0.0
00001495,0.0
00001496,0.0
00001497,0.0
00001498,0.0
00001499,0.0
00001500,0.0
00001501,0.0
00001502,0.0
00001503,0.0
00001504,0.0
00001505,0.0
00001506,0.0
00001507,56.0
00001508,74.0
00001510,0.0
00001511,12.0
00001512,1.0
00001513,8.0
00001514,1.0
00001515,4.0
00001516,3140.0
00001517,0.0
00001518,0.0
00001519,0.0
00001520,0.0
00001521,0.0
00001522,0.0
00001523,0.0
00001524,0.0
00001525,0.0
00001526,0.0
00001527,0.0
00001528,0.0
00001529,0.0
00001530,0.0
00001531,0.0
00001532,0.0
00001533,0.0
00001534,110.0
00001535,0.0
00001536,0.0
00001537,0.0
00001538,0.0
00001539,0.0
00001540,404.0
00001541,0.0
00001542,0.0
00001543,10878.0
00001544,0.0
00001545,0.0
00001546,0.0
00001547,0.0
00001548,0.0
00001549,0.0
00001550,0.0
00001551,0.0
00001552,0.0
00001553,0.0
00001555,0.0
00001556,0.0
00001557,0.0
00001558,0.0
00001559,0.0
00001560,0.0
00001561,0.0
00001562,0.0
00001563,0.0
00001564,0.0
00001565,0.0
00001568,0.0
00001569,0.0
00001570,0.0
00001572,0.0
00001573,0.0
00001574,0.0
00001575,0.0
00001576,0.0
00001577,0.0
00001578,0.0
00001579,0.0
00001580,0.0
00001581,0.0
00001582,0.0
00001583,0.0
00001584,0.0
00001585,0.0
00001586,0.0
00001587,2731.0
00001588,0.0
00001589,0.0
00001590,0.0
00001591,0.0
00001592,0.0
00001593,0.0
00001594,0.0
00001595,0.0
00001596,0.0
00001597,0.0
00001598,0.0
00001599,0.0
00001600,0.0
00001601,0.0
00001602,0.0
00001603,0.0
00001604,0.0
00001605,0.0
00001606,0.0
00001607,0.0
00001608,0.0
00001609,0.0
00001610,0.0
00001611,0.0
00001612,0.0
00001613,0.0
00001614,0.0
00001615,0.0
00001616,0.0
00001617,0.0
00001618,0.0
00001619,0.0
00001620,0.0
00001621,0.0
00001622,0.0
00001623,0.0
00001624,0.0
00001625,0.0
00001626,0.0
00001627,0.0
00001628,0.0
00001629,0.0
00001630,0.0
00001631,0.0
00001632,0.0
00001633,2570.0
00001634,0.0
00001635,0.0
00001636,0.0
00001637,0.0
00001638,0.0
00001639,0.0
00001640,0.0
00001641,0.0
00001642,0.0
00001643,0.0
00001644,0.0
00001645,0.0
00001646,0.0
00001647,0.0
00001648,0.0
00001649,0.0
00001650,0.0
00001651,0.0
00001652,21327.0
00001653,0.0
00001654,0.0
00001655,0.0
00001659,248.0
00001660,0.0
00001669,0.0
00001675,0.0
00001676,0.0
00001684,0.0
00001688,0.0
00001695,0.0
00001696,0.0
00001703,15293.0
00001704,0.0
00001705,0.0
00001706,0.0
00001707,0.0
00001708,0.0
00001709,0.0
00001710,0.0
00001711,0.0
00001712,0.0
00001713,0.0
00001714,0.0
00001715,0.0
00001716,0.0
00001717,0.0
00001718,0.0
00001719,6705.0
00001720,0.0
00001721,0.0
00001722,0.0
00001723,0.0
00001724,0.0
00001725,0.0
00001726,0.0
00001727,0.0
00001728,0.0
00001729,0.0
00001730,0.0
00001731,0.0
00001732,0.0
00001733,0.0
00001734,0.0
00001735,0.0
00001736,0.0
00001737,0.0
00001738,0.0
00001739,0.0
00001741,5420.0
00001742,0.0
00001743,0.0
00001744,0.0
00001745,0.0
00001746,0.0
00001747,0.0
00001748,0.0
00001749,0.0
00001751,0.0
00001752,0.0
00001753,0.0
00001754,1512.0
00001755,0.0
00001756,0.0
00001757,0.0
00001758,0.0
00001759,0.0
00001760,0.0
00001761,0.0
00001762,0.0
00001763,0.0
00001764,0.0
00001765,511.0
00001766,0.0
00001767,0.0
00001768,0.0
00001769,0.0
00001770,0.0
00001771,1640.0
00001772,0.0
00001773,0.0
00001774,0.0
00001775,22157.0
00001776,492.0
00001777,1952.0
00001778,651.0
00001779,1926.0
00001780,1798.0
00001781,33590.0
00001782,677.0
00001783,58.0
00001784,0.0
00001785,0.0
00001786,2.0
00001787,0.0
00001788,14.0
00001789,0.0
00001790,0.0
00001791,0.0
00001792,49.0
00001793,8.0
00001794,0.0
00001795,615.0
00001796,0.0
00001797,0.0
00001798,0.0
00001799,3176.0
00001800,1030.0
00001801,0.0
00001802,0.0
00001803,0.0
00001804,0.0
00001805,1682.0
00001806,4530.0
00001807,11466.0
00001808,0.0
00001809,0.0
00001810,0.0
00001811,0.0
00001812,0.0
00001813,1079.0
00001819,192.0
00001820,0.0
00001821,0.0
00001822,0.0
00001823,0.0
00001824,300.0
00001825,0.0
00001826,0.0
00001827,0.0
00001828,0.0
00001829,0.0
00001856,11791.0
00001857,3981.0
00001858,819.0
00001859,3295.0
00001860,2588.0
00001861,5255.0
00001862,2012.0
00001863,2477.0
00001864,1012.0
00001865,591.0
00001866,524.0
00001867,0.0
00001868,1.0
00001869,1.0
00001870,0.0
00001871,0.0
00001872,0.0
00001873,0.0
00001874,0.0
00001885,841.0
00001886,0.0
00001887,0.0
00001889,0.0
00001890,0.0
00001891,175.0
00001892,0.0
00001893,0.0
00001894,0.0
00001895,3.0
00001896,92.0
00001897,0.0
00001898,0.0
00001899,0.0
00001900,1093.0
00001901,0.0
00001902,1.0
00001903,0.0
00001904,0.0
00001905,0.0
00001906,0.0
00001907,0.0
00001910,6369.0
00002001,44699.0
00002021,4431.0
00002074,4581.0
00002084,5907.0
00002086,1550.0
00002092,1485.0
00002112,2004.0
00002132,2344.0
00002143,57.0
00002159,19824.0
00002161,11315.0
00002222,68.0
00002223,0.0
00002224,0.0
00002225,0.0
00002227,0.0
00002245,909.0
00002289,12453.0
00002290,0.0
00002291,0.0
00002292,0.0
00002293,0.0
00002294,0.0
00002295,0.0
00002297,0.0
00002299,0.0
00002300,0.0
00002301,0.0
00002302,0.0
00002303,0.0
00002305,5823.0
00002306,3.0
00002307,0.0
00002308,0.0
00002309,0.0
00002310,1.0
00002313,0.0
00002314,0.0
00002315,8.0
00002316,17.0
00002317,0.0
00002318,0.0
00002319,0.0
00002320,0.0
00002321,0.0
00002322,0.0
00002323,0.0
00002324,0.0
00002325,0.0
00002326,82.0
00002327,0.0
00002328,0.0
00002329,0.0
00002330,0.0
00002331,0.0
00002333,0.0
00002334,0.0
00002336,18.0
00002337,0.0
00002338,0.0
00002339,0.0
00002340,0.0
00002341,42.0
00002342,0.0
00002343,0.0
00002344,0.0
00002345,0.0
00002346,0.0
00002347,0.0
00002348,3.0
00002349,0.0
00002350,0.0
00002351,0.0
00002352,0.0
00002353,0.0
00002354,0.0
00002355,35.0
00002356,0.0
00002357,0.0
00002358,0.0
00002359,0.0
00002360,0.0
00002361,0.0
00002362,0.0
00002364,0.0
00002365,0.0
00002366,0.0
00002367,0.0
00002369,0.0
00002370,0.0
00002371,0.0
00002372,0.0
00002373,0.0
00002374,0.0
00002375,0.0
00002376,0.0
00002377,0.0
00002378,2802.0
00002379,0.0
00002380,0.0
00002381,0.0
00002382,0.0
00002383,0.0
00002386,0.0
00002388,0.0
00002389,0.0
00002390,0.0
00002391,0.0
00002393,0.0
00002394,0.0
00002395,0.0
00002396,0.0
00002397,0.0
00002398,1076.0
00002399,0.0
00002400,0.0
00002401,0.0
00002402,0.0
00002403,0.0
00002404,0.0
00002405,0.0
00002406,0.0
00002407,0.0
00002408,0.0
00002409,0.0
00002410,0.0
00002411,0.0
00002412,0.0
00002413,0.0
00002414,0.0
00002415,0.0
00002416,0.0
00002418,0.0
00002419,0.0
00002420,0.0
00002421,13304.0
00002464,0.0
00002467,0.0
00002469,1744.0
00002470,0.0
00002471,0.0
00002475,0.0
00002488,0.0
00002495,0.0
00002499,0.0
00002500,0.0
00002501,0.0
00002502,0.0
00002503,0.0
00002504,0.0
00002505,0.0
00002506,0.0
00002507,0.0
00002508,0.0
00002509,0.0
00002510,0.0
00002511,0.0
00002512,0.0
00002513,0.0
00002514,0.0
00002515,0.0
00002516,0.0
00002517,0.0
00002518,0.0
00002519,0.0
00002520,0.0
00002521,0.0
00002522,0.0
00002523,0.0
00002524,0.0
00002525,0.0
00002526,0.0
00002527,0.0
00002528,0.0
00002529,0.0
00002530,0.0
00002532,0.0
00002533,0.0
00002534,0.0
00002535,0.0
00002536,0.0
00002537,0.0
00002538,0.0
00002539,0.0
00002540,71.0
00002541,0.0
00002543,5.0
00002544,0.0
00002545,0.0
00002546,11.0
00002547,0.0
00002548,20.0
00002549,3.0
00002550,0.0
00002551,0.0
00002565,1276.0
00002566,1641.0
00002567,1995.0
00002568,1978.0
00002570,10269.0
00002571,1799.0
00002572,1785.0
00002573,963.0
00002574,1554.0
00002575,4071.0
00002576,1426.0
00002577,1464.0
00002578,999.0
00002579,1177.0
00002580,2041.0
00002581,2683.0
00002584,747.0
00002585,2048.0
00002587,3389.0
00002588,4457.0
00002589,1564.0
00002590,2941.0
00002591,901.0
00002592,5510.0
00002593,1704.0
00002625,8149.0
00002686,3581.0
00002687,3271.0
00002688,673.0
00002698,6183.0
00002793,615.0
00002818,4259.0
00002864,8373.0
00002883,5396.0
00002885,6355.0
00002888,9108.0
00002941,1043.0
00002964,4.0
00002965,23.0
00002966,0.0
00002967,0.0
00002968,0.0
00002969,0.0
00002970,0.0
00002971,0.0
00002972,0.0
00002973,0.0
00002974,5.0
00002975,0.0
00002976,0.0
00002977,40.0
00002978,0.0
00002979,0.0
00002980,0.0
00002981,61.0
00002982,0.0
00002983,0.0
00002984,0.0
00002985,6203.0
00002990,741.0
00003032,1209.0
00003068,608.0
00003085,2236.0
00003086,0.0
00003088,0.0
00003089,0.0
00003090,0.0
00003091,0.0
00003092,0.0
00003093,0.0
00003094,0.0
00003117,0.0
00003118,0.0
00003121,0.0
00003122,0.0
00003123,0.0
00003128,698.0
00003199,181.0
00003220,0.0
00003221,0.0
00003228,0.0
00003233,0.0
00003235,0.0
00003236,0.0
00003239,0.0
00003240,0.0
00003251,5684.0
00003252,0.0
00003253,0.0
00003254,0.0
00003255,0.0
00003265,0.0
00003269,0.0
00003274,0.0
00003275,0.0
00003276,0.0
00003277,0.0
00003278,0.0
00003279,0.0
00003280,0.0
00003286,0.0
00003287,0.0
00003288,0.0
00003289,0.0
00003290,0.0
00003291,0.0
00003292,0.0
00003293,0.0
00003294,0.0
00003296,0.0
00003299,6206.0
00003305,0.0
00003309,0.0
00003311,0.0
00003312,0.0
00003317,0.0
00003335,560.0
00003341,0.0
00003344,0.0
00003345,0.0
00003348,0.0
00003349,884.0
00003350,0.0
00003354,0.0
00003355,0.0
00003357,0.0
00003358,23132.0
00003359,15172.0
00003360,0.0
00003361,0.0
00003362,0.0
00003363,0.0
00003364,0.0
00003365,0.0
00003366,0.0
00003367,0.0
00003368,0.0
00003369,0.0
00003370,0.0
00003371,0.0
00003372,0.0
00003373,0.0
00003374,0.0
00003375,0.0
00003376,0.0
00003377,0.0
00003378,0.0
00003379,0.0
00003380,0.0
00003381,0.0
00003382,0.0
00003383,0.0
00003384,0.0
00003385,0.0
00003386,0.0
00003387,0.0
00003388,0.0
00003389,0.0
00003390,0.0
00003391,0.0
00003392,0.0
00003393,0.0
00003394,0.0
00003395,0.0
00003396,0.0
00003397,0.0
00003398,0.0
00003399,0.0
00003400,0.0
00003401,0.0
00003402,0.0
00003403,0.0
00003404,0.0
00003405,0.0
00003406,0.0
00003407,0.0
00003408,0.0
00003409,0.0
00003410,0.0
00003411,0.0
00003412,0.0
00003413,0.0
00003414,17340.0
00003443,7662.0
00003458,2822.0
00003459,0.0
00003464,0.0
00003472,15676.0
00003473,0.0
00003474,0.0
00003475,0.0
00003476,0.0
00003477,0.0
00003478,0.0
00003484,0.0
00003491,0.0
00003493,0.0
00003494,571.0
00003495,0.0
00003496,0.0
00003497,0.0
00003498,0.0
00003499,0.0
00003500,0.0
00003502,10.0
00003503,0.0
00003504,0.0
00003505,0.0
00003506,0.0
00003507,28.0
00003508,0.0
00003509,7.0
00003510,0.0
00003511,0.0
00003512,0.0
00003523,961.0
00003544,0.0
00003545,0.0
00003546,1.0
00003547,0.0
00003548,0.0
00003549,0.0
00003550,0.0
00003560,0.0
00003561,0.0
00003562,0.0
00003570,0.0
00003571,0.0
00003572,0.0
00003573,0.0
00003576,3925.0
00003584,0.0
00003585,0.0
00003586,0.0
00003587,0.0
00003588,0.0
00003589,0.0
00003590,0.0
00003591,0.0
00003592,0.0
00003593,0.0
00003598,1046.0
00003599,0.0
00003600,27.0
00003602,0.0
00003603,26.0
00003604,0.0
00003606,0.0
00003608,0.0
00003609,0.0
00003610,0.0
00003611,0.0
00003612,0.0
00003613,0.0
00003629,0.0
00003630,0.0
00003631,0.0
00003632,0.0
00003633,0.0
00003634,0.0
00003655,1485.0
00003701,496.0
00003719,0.0
00003727,1163.0
00003749,14165.0
00003750,10157.0
00003751,1977.0
00003754,712.0
00003755,33.0
00003756,0.0
00003770,574.0
00003792,36888.0
00003802,0.0
00003803,0.0
00003804,0.0
00003805,0.0
00003806,0.0
00003807,0.0
00003808,125.0
00003809,0.0
00003810,0.0
00003811,0.0
00003812,0.0
00003813,0.0
00003814,0.0
00003815,0.0
00003816,0.0
00003817,0.0
00003818,12.0
00003819,0.0
00003821,0.0
00003822,0.0
00003823,0.0
00003824,12.0
00003825,0.0
00003826,0.0
00003827,0.0
00003828,0.0
00003829,1.0
00003830,0.0
00003831,0.0
00003832,0.0
00003833,0.0
00003834,50.0
00003835,0.0
00003836,0.0
00003837,0.0
00003838,0.0
00003839,0.0
00003840,0.0
00003841,0.0
00003842,0.0
00003843,0.0
00003844,0.0
00003845,0.0
00003846,0.0
00003847,0.0
00003848,0.0
00003849,0.0
00003850,0.0
00003851,0.0
00003852,0.0
00003853,2423.0
00003854,201.0
00003855,0.0
00003856,0.0
00003857,0.0
00003858,0.0
00003859,26200.0
00003860,1089.0
00003861,18.0
00003863,0.0
00003864,0.0
00003865,0.0
00003866,0.0
00003867,0.0
00003868,0.0
00003869,0.0
00003870,0.0
00003871,0.0
00003872,0.0
00003873,445.0
00003874,0.0
00003875,0.0
00003876,0.0
00003877,0.0
00003878,0.0
00003879,146.0
00003880,9.0
00003881,798.0
00003882,0.0
00003883,0.0
00003884,0.0
00003885,3.0
00003886,0.0
00003887,0.0
00003888,0.0
00003889,14.0
00003890,0.0
00003891,0.0
00003892,0.0
00003893,0.0
00003894,116.0
00003895,0.0
00003896,0.0
00003897,0.0
00003898,0.0
00003899,45.0
00003900,0.0
00003901,0.0
00003902,0.0
00003903,0.0
00003904,1.0
00003905,0.0
00003906,0.0
00003907,0.0
00003908,0.0
00003909,0.0
00003910,6.0
00003911,0.0
00003912,1.0
00003913,1.0
00003914,0.0
00003915,0.0
00003916,4.0
00003917,528.0
00003918,2.0
00003919,0.0
00003920,0.0
00003921,0.0
00003922,0.0
00003923,5.0
00003924,3.0
00003925,0.0
00003926,393.0
00003927,111.0
00003928,152.0
00003929,48.0
00003930,110.0
00003931,3.0
00003932,0.0
00003933,0.0
00003934,0.0
00003936,0.0
00003937,3.0
00003938,1.0
00003939,0.0
00003940,0.0
00003941,0.0
00003942,0.0
00003943,446.0
00003944,0.0
00003945,148.0
00003946,67.0
00003947,42.0
00003948,28.0
00003949,0.0
00003950,0.0
00003951,22.0
00003952,71.0
00003953,109.0
00003954,27.0
00003955,27.0
00003956,0.0
00003957,11.0
00003958,67.0
00003959,140.0
00003960,2.0
00003961,0.0
00003962,0.0
00003963,3.0
00003965,6.0
00003966,6.0
00003967,1.0
00003968,1.0
00003969,49.0
00003970,1.0
00003971,24.0
00003972,2.0
00003973,23.0
00003974,5.0
00003975,0.0
00003976,0.0
00003977,7.0
00003978,0.0
00003979,13.0
00003980,3.0
00003981,96.0
00003982,48.0
00003983,0.0
00003984,27.0
00003985,0.0
00003986,0.0
00003987,79.0
00003988,2.0
00003989,58.0
00003990,0.0
00003991,0.0
00003992,0.0
00003993,0.0
00003994,0.0
00003995,0.0
00003996,16.0
00003997,0.0
00003999,0.0
00004000,0.0
00004001,0.0
00004002,14.0
00004003,3.0
00004004,96.0
00004005,3.0
00004006,0.0
00004007,0.0
00004008,8.0
00004009,0.0
00004010,0.0
00004011,0.0
00004012,9.0
00004013,2.0
00004014,0.0
00004015,6.0
00004016,5.0
00004017,0.0
00004018,0.0
00004019,0.0
00004020,0.0
00004021,0.0
00004022,0.0
00004024,20.0
00004025,24.0
00004026,7.0
00004027,0.0
00004028,0.0
00004029,2.0
00004030,8.0
00004031,0.0
00004032,0.0
00004034,0.0
00004035,0.0
00004036,2.0
00004037,0.0
00004038,0.0
00004039,0.0
00004040,0.0
00004041,0.0
00004042,12.0
00004043,0.0
00004044,0.0
00004045,0.0
00004046,0.0
00004047,0.0
00004048,0.0
00004049,0.0
00004050,0.0
00004051,0.0
00004052,0.0
00004053,0.0
00004054,0.0
00004055,0.0
00004056,0.0
00004057,0.0
00004058,0.0
00004059,0.0
00004060,0.0
00004061,0.0
00004062,0.0
00004063,0.0
00004064,0.0
00004065,0.0
00004066,0.0
00004067,0.0
00004068,0.0
00004069,0.0
00004070,0.0
00004071,0.0
00004072,0.0
00004073,0.0
00004074,1707.0
00004075,0.0
00004076,3.0
00004077,16.0
00004078,1.0
00004079,0.0
00004080,3.0
00004081,0.0
00004082,0.0
00004083,119.0
00004084,0.0
00004085,0.0
00004086,11.0
00004087,7.0
00004088,1.0
00004089,2.0
00004090,394.0
00004091,25.0
00004092,0.0
00004093,0.0
00004094,1.0
00004095,4.0
00004096,0.0
00004097,0.0
00004098,6.0
00004099,0.0
00004100,0.0
00004101,0.0
00004102,0.0
00004103,0.0
00004104,35.0
00004105,66.0
00004106,0.0
00004107,0.0
00004108,6.0
00004109,6.0
00004110,0.0
00004111,15.0
00004112,2.0
00004113,0.0
00004114,0.0
00004115,14.0
00004116,1.0
00004117,0.0
00004118,3.0
00004119,2.0
00004120,0.0
00004121,0.0
00004122,17.0
00004123,8.0
00004124,0.0
00004125,0.0
00004126,2.0
00004127,2.0
00004128,79.0
00004129,18.0
00004130,3.0
00004131,3763.0
00004137,499.0
00004140,749.0
00004210,4195.0
00004211,1805.0
00004212,1383.0
00004213,15.0
00004214,0.0
00004215,14.0
00004216,3.0
00004217,0.0
00004218,4.0
00004219,17.0
00004220,0.0
00004221,0.0
00004222,0.0
00004223,663.0
00004224,0.0
00004225,18.0
00004226,23.0
00004227,3.0
00004228,0.0
00004229,0.0
00004230,0.0
00004231,0.0
00004232,48.0
00004233,23.0
00004234,26.0
00004235,5.0
00004236,33.0
00004237,18.0
00004238,6.0
00004239,14.0
00004240,0.0
00004241,0.0
00004242,2.0
00004243,0.0
00004245,11.0
00004246,6.0
00004247,46.0
00004248,30.0
00004249,475.0
00004250,32.0
00004251,3.0
00004252,2.0
00004253,8.0
00004254,7.0
00004255,3.0
00004256,62.0
00004257,11.0
00004258,10.0
00004259,1.0
00004260,42.0
00004261,38.0
00004262,42.0
00004263,4.0
00004264,29.0
00004265,0.0
00004266,29.0
00004267,1557.0
00004268,0.0
00004269,0.0
00004270,0.0
00004271,0.0
00004272,0.0
00004273,0.0
00004274,0.0
00004275,0.0
00004276,0.0
00004277,0.0
00004278,0.0
00004279,0.0
00004280,0.0
00004281,0.0
00004282,0.0
00004283,0.0
00004284,0.0
00004285,0.0
00004286,0.0
00004287,0.0
00004288,22.0
00004289,0.0
00004290,18.0
00004291,0.0
00004292,4.0
00004293,0.0
00004294,0.0
00004295,0.0
00004296,0.0
00004297,0.0
00004298,0.0
00004299,0.0
00004300,0.0
00004301,0.0
00004302,0.0
00004303,0.0
00004304,0.0
00004305,0.0
00004306,0.0
00004307,0.0
00004308,0.0
00004309,0.0
00004310,0.0
00004311,25.0
00004312,7.0
00004313,32.0
00004314,15.0
00004315,9.0
00004316,18.0
00004317,24350.0
00004318,0.0
00004319,0.0
00004320,0.0
00004321,14931.0
00004324,0.0
00004325,311.0
00004326,0.0
00004327,0.0
00004328,0.0
00004329,0.0
00004330,0.0
00004331,0.0
00004332,0.0
00004333,0.0
00004338,12440.0
00004342,1445.0
00004349,0.0
00004353,0.0
00004355,0.0
00004356,0.0
00004359,0.0
00004366,0.0
00004370,4679.0
00004371,0.0
00004372,0.0
00004373,0.0
00004374,0.0
00004375,0.0
00004376,0.0
00004380,0.0
00004384,0.0
00004386,0.0
00004395,0.0
00004397,0.0
00004409,0.0
00004417,0.0
00004420,0.0
00004429,0.0
00004439,0.0
00004443,0.0
00004444,0.0
00004452,3822.0
00004455,0.0
00004466,1753.0
00004474,0.0
00004475,0.0
00004476,0.0
00004477,0.0
00004478,0.0
00004479,0.0
00004480,0.0
00004481,3.0
00004482,0.0
00004483,0.0
00004484,0.0
00004485,0.0
00004486,0.0
00004487,0.0
00004488,0.0
00004489,2.0
00004490,0.0
00004491,0.0
00004492,0.0
00004493,0.0
00004494,17.0
00004495,9.0
00004496,4.0
00004497,5.0
00004498,1.0
00004499,0.0
00004500,181.0
00004501,1457.0
00004502,0.0
00004503,0.0
00004504,0.0
00004505,0.0
00004506,0.0
00004507,0.0
00004508,2.0
00004509,1.0
00004510,0.0
00004511,1675.0
00004532,0.0
00004533,0.0
00004534,0.0
00004535,0.0
00004536,0.0
00004537,0.0
00004538,200.0
00004539,0.0
00004544,0.0
00004545,0.0
00004546,0.0
00004547,194.0
00004548,0.0
00004549,0.0
00004551,0.0
00004552,0.0
00004553,0.0
00004554,0.0
00004555,0.0
00004556,0.0
00004557,0.0
00004558,0.0
00004559,0.0
00004560,0.0
00004561,108.0
00004562,0.0
00004563,0.0
00004564,0.0
00004565,0.0
00004566,0.0
00004567,0.0
00004568,0.0
00004569,0.0
00004570,0.0
00004571,0.0
00004572,0.0
00004573,0.0
00004574,0.0
00004575,0.0
00004576,0.0
00004577,105.0
00004578,0.0
00004579,0.0
00004580,0.0
00004581,0.0
00004582,0.0
00004583,0.0
00004584,0.0
00004585,0.0
00004586,0.0
00004587,320.0
00004588,0.0
00004589,0.0
00004590,0.0
00004591,0.0
00004592,0.0
00004593,950.0
00004595,0.0
00004596,0.0
00004597,0.0
00004598,0.0
00004599,0.0
00004600,0.0
00004601,0.0
00004602,0.0
00004603,0.0
00004604,0.0
00004605,0.0
00004606,0.0
00004607,0.0
00004608,0.0
00004609,0.0
00004610,0.0
00004611,0.0
00004612,0.0
00004613,0.0
00004614,0.0
00004615,0.0
00004616,0.0
00004617,0.0
00004618,3.0
00004619,0.0
00004620,23.0
00004621,0.0
00004622,0.0
00004623,2.0
00004624,4.0
00004625,62.0
00004626,4.0
00004627,20.0
00004628,0.0
00004629,5.0
00004630,0.0
00004631,0.0
00004632,0.0
00004633,7.0
00004634,28.0
00004635,0.0
00004636,3.0
00004637,0.0
00004638,2.0
00004639,8.0
00004640,555.0
00004641,0.0
00004642,0.0
00004643,0.0
00004644,0.0
00004645,34.0
00004646,42.0
00004647,0.0
00004648,0.0
00004649,0.0
00004650,0.0
00004651,0.0
00004652,6.0
00004653,104.0
00004654,7.0
00004655,7414.0
00004656,2.0
00004657,1136.0
00004658,0.0
00004659,3904.0
00004682,10563.0
00004683,1125.0
00004684,620.0
00004685,329.0
00004686,1687.0
00004687,1420.0
00004688,1880.0
00004689,1557.0
00004690,713.0
00004691,346.0
00004742,7860.0
00004744,1030.0
00004745,2231.0
00004746,716.0
00004747,871.0
00004750,1828.0
00004751,1093.0
00004752,942.0
00004753,691.0
00004754,568.0
00004782,1624.0
00004783,0.0
00004784,0.0
00004785,0.0
00004786,0.0
00004787,0.0
00004788,0.0
00004789,0.0
00004790,0.0
00004791,0.0
00004792,0.0
00004793,0.0
00004794,0.0
00004795,0.0
00004796,0.0
00004797,0.0
00004798,0.0
00004799,0.0
00004800,0.0
00004801,0.0
00004802,5.0
00004803,0.0
00004804,0.0
00004805,0.0
00004806,0.0
00004807,0.0
00004808,0.0
00004809,0.0
00004810,0.0
00004811,0.0
00004812,0.0
00004838,2853.0
00004922,687.0
00004950,993.0
00004959,0.0
00004960,0.0
00004961,0.0
00004962,0.0
00004963,0.0
00004964,0.0
00004965,0.0
00004966,0.0
00004967,0.0
00004968,0.0
00004969,0.0
00004970,0.0
00004971,0.0
00004972,0.0
00004973,0.0
00004974,0.0
00004975,0.0
00004976,0.0
00004977,0.0
00004978,0.0
00004979,0.0
00004980,0.0
00004981,2413.0
00004982,0.0
00004983,0.0
00004984,0.0
00004985,0.0
00004986,0.0
00004987,0.0
00004988,0.0
00004989,0.0
00004990,0.0
00004991,0.0
00004992,0.0
00004993,0.0
00004994,0.0
00004995,0.0
00004996,0.0
00004997,0.0
00004998,0.0
00004999,0.0
00005000,0.0
00005001,0.0
00005002,0.0
00005003,0.0
00005004,0.0
00005005,0.0
00005006,52.0
00005007,0.0
00005008,0.0
00005009,0.0
00005010,0.0
00005011,0.0
00005012,0.0
00005013,0.0
00005014,0.0
00005015,0.0
00005016,0.0
00005017,0.0
00005018,0.0
00005019,0.0
00005020,0.0
00005021,0.0
00005022,0.0
00005023,0.0
00005024,0.0
00005025,0.0
00005026,0.0
00005027,0.0
00005028,0.0
00005029,0.0
00005030,0.0
00005031,0.0
00005032,0.0
00005033,0.0
00005034,0.0
00005035,0.0
00005036,0.0
00005037,0.0
00005038,0.0
00005039,0.0
00005040,0.0
00005041,0.0
00005042,0.0
00005043,0.0
00005044,517.0
00005112,4.0
00005125,2972.0
00005145,1102.0
00005195,9614.0
00005196,9197.0
00005197,2668.0
00005198,0.0
00005199,0.0
00005200,0.0
00005201,0.0
00005202,0.0
00005203,0.0
00005204,2595.0
00005206,0.0
00005207,0.0
00005209,3608.0
00005210,0.0
00005211,0.0
00005212,0.0
00005213,0.0
00005214,0.0
00005215,0.0
00005216,0.0
00005217,2682.0
00005218,0.0
00005219,0.0
00005220,2145.0
00005221,2022.0
00005222,0.0
00005223,0.0
00005225,0.0
00005226,3212.0
00005227,0.0
00005228,0.0
00005229,0.0
00005230,0.0
00005231,2584.0
00005232,0.0
00005233,0.0
00005234,16.0
00005235,0.0
00005236,0.0
00005237,0.0
00005238,0.0
00005241,0.0
00005242,0.0
00005243,2080.0
00005244,0.0
00005245,0.0
00005246,0.0
00005251,869.0
00005258,948.0
00005264,483.0
00005269,223.0
00005277,1131.0
00005289,584.0
00005292,2300.0
00005293,0.0
00005297,0.0
00005299,5736.0
00005301,34.0
00005302,90.0
00005303,182.0
00005306,452.0
00005307,0.0
00005308,5.0
00005309,0.0
00005310,0.0
00005311,0.0
00005312,5.0
00005313,0.0
00005314,977.0
00005332,987.0
00005335,0.0
00005347,0.0
00005348,0.0
00005349,3886.0
00005350,2.0
00005351,0.0
00005352,0.0
00005353,0.0
00005354,0.0
00005355,3.0
00005356,0.0
00005357,0.0
00005358,0.0
00005359,0.0
00005360,0.0
00005361,0.0
00005362,0.0
00005363,0.0
00005364,0.0
00005365,0.0
00005366,73.0
00005368,0.0
00005372,0.0
00005395,49.0
00005397,0.0
00005398,0.0
00005399,0.0
00005400,0.0
00005401,0.0
00005402,0.0
00005403,0.0
00005406,0.0
00005407,0.0
00005408,0.0
00005409,0.0
00005410,0.0
00005411,0.0
00005412,0.0
00005413,0.0
00005415,225.0
00005416,2.0
00005417,0.0
00005418,0.0
00005419,0.0
00005420,0.0
00005421,0.0
00005422,39.0
00005423,0.0
00005424,0.0
00005425,0.0
00005426,41.0
00005427,0.0
00005428,0.0
00005429,0.0
00005430,0.0
00005431,0.0
00005432,0.0
00005433,0.0
00005434,0.0
00005435,0.0
00005436,0.0
00005437,0.0
00005439,0.0
00005440,0.0
00005441,0.0
00005442,0.0
00005443,11.0
00005444,0.0
00005445,0.0
00005446,0.0
00005447,0.0
00005448,0.0
00005449,0.0
00005450,0.0
00005451,22.0
00005452,0.0
00005453,0.0
00005455,0.0
00005456,0.0
00005457,0.0
00005458,0.0
00005459,0.0
00005460,0.0
00005461,7.0
00005462,0.0
00005463,0.0
00005464,0.0
00005465,0.0
00005466,0.0
00005468,0.0
00005469,9.0
00005470,0.0
00005471,0.0
00005472,12.0
00005473,0.0
00005474,0.0
00005475,0.0
00005476,0.0
00005477,0.0
00005478,0.0
00005479,0.0
00005480,0.0
00005481,0.0
00005482,0.0
00005483,0.0
00005484,0.0
00005486,8.0
00005487,3.0
00005488,0.0
00005489,0.0
00005490,0.0
00005491,11.0
00005492,0.0
00005493,0.0
00005494,0.0
00005495,0.0
00005496,0.0
00005497,0.0
00005498,0.0
00005499,5.0
00005500,0.0
00005501,0.0
00005502,1.0
00005503,0.0
00005504,0.0
00005505,0.0
00005506,0.0
00005507,0.0
00005508,0.0
00005509,0.0
00005510,0.0
00005511,0.0
00005512,0.0
00005513,0.0
00005514,0.0
00005515,0.0
00005516,0.0
00005517,0.0
00005518,0.0
00005519,0.0
00005520,0.0
00005521,0.0
00005522,0.0
00005523,0.0
00005524,0.0
00005525,0.0
00005526,0.0
00005527,0.0
00005528,0.0
00005529,0.0
00005530,0.0
00005531,0.0
00005532,0.0
00005533,0.0
00005534,0.0
00005535,0.0
00005536,0.0
00005537,0.0
00005538,0.0
00005539,536.0
00005541,0.0
00005542,0.0
00005543,0.0
00005544,0.0
00005545,0.0
00005546,0.0
00005547,0.0
00005548,0.0
00005549,0.0
00005551,3943.0
00005552,2.0
00005553,5.0
00005554,0.0
00005555,0.0
00005556,1705.0
00005557,0.0
00005558,104.0
00005559,0.0
00005560,164.0
00005561,0.0
00005562,0.0
00005563,122.0
00005564,0.0
00005565,98.0
00005566,116.0
00005567,0.0
00005568,189.0
00005569,0.0
00005571,0.0
00005574,0.0
00005575,0.0
00005576,9701.0
00005577,6581.0
00005617,38796.0
00005638,0.0
00005639,0.0
00005640,0.0
00005641,0.0
00005642,0.0
00005643,0.0
00005644,2740.0
00005657,97.0
00005659,3.0
00005673,25.0
00005680,7.0
00005682,43.0
00005734,0.0
00005735,2193.0
00005736,0.0
00005737,0.0
00005742,2108.0
00005743,0.0
00005744,0.0
00005745,0.0
00005746,0.0
00005747,0.0
00005748,0.0
00005749,0.0
00005751,0.0
00005752,0.0
00005753,0.0
00005754,0.0
00005755,1500.0
00005756,0.0
00005757,0.0
00005763,0.0
00005764,0.0
00005765,0.0
00005766,0.0
00005767,0.0
00005768,0.0
00005769,0.0
00005772,3072.0
00005773,0.0
00005774,5.0
00005780,154.0
00005786,0.0
00005787,0.0
00005790,0.0
00005791,7523.0
00005792,0.0
00005793,0.0
00005797,0.0
00005798,0.0
00005799,5197.0
00005800,0.0
00005801,0.0
00005802,0.0
00005803,0.0
00005804,0.0
00005805,0.0
00005806,0.0
00005807,0.0
00005809,0.0
00005810,0.0
00005811,0.0
00005812,0.0
00005813,0.0
00005814,4194.0
00005816,2335.0
00005817,2578.0
00005818,0.0
00005819,0.0
00005820,0.0
00005821,2578.0
00005823,0.0
00005824,0.0
00005842,1680.0
00005850,805.0
00005859,0.0
00005860,0.0
00005871,0.0
00005872,0.0
00005873,0.0
00005874,0.0
00005875,0.0
00005876,0.0
00005877,0.0
00005878,0.0
00005879,0.0
00005880,0.0
00005881,0.0
00005882,0.0
00005883,12647.0
00005886,0.0
00005887,0.0
00005888,0.0
00005889,0.0
00005890,0.0
00005891,0.0
00005892,0.0
00005893,0.0
00005894,0.0
00005895,0.0
00005896,0.0
00005908,0.0
00005909,0.0
00005910,0.0
00005911,0.0
00005912,0.0
00005913,0.0
00005914,0.0
00005915,0.0
00005916,0.0
00005917,0.0
00005946,16682.0
00005947,15834.0
00005948,1824.0
00005949,0.0
00005950,29.0
00005951,0.0
00005952,0.0
00005953,0.0
00005954,0.0
00005955,0.0
00005956,0.0
00005957,0.0
00005958,0.0
00005959,0.0
00005960,0.0
00005961,0.0
00005968,0.0
00005969,0.0
00005970,0.0
00005971,0.0
00005972,0.0
00005974,0.0
00005975,0.0
00005976,0.0
00005977,0.0
00005981,0.0
00005985,0.0
00005987,24162.0
00005990,0.0
00005991,0.0
00005993,0.0
00005998,1821.0
00005999,0.0
00006000,0.0
00006018,66.0
00006034,1692.0
00006040,0.0
00006041,0.0
00006042,0.0
00006084,0.0
00006088,3846.0
00006090,0.0
00006092,0.0
00006104,805.0
00006107,8296.0
00006109,0.0
00006124,7724.0
00006132,0.0
00006151,0.0
00006164,0.0
00006206,107943.0
00006207,21417.0
00006208,8061.0
00006209,1924.0
00006210,6749.0
00006211,18606.0
00006212,15350.0
00006213,21234.0
00006214,1713.0
00006215,8458.0
00006216,15518.0
00006217,3995.0
00006218,25160.0
00006219,20874.0
00006220,0.0
00006221,0.0
00006222,0.0
00006223,0.0
00006224,0.0
00006225,0.0
00006226,0.0
00006227,0.0
00006228,1655.0
00006230,1853.0
00006231,0.0
00006233,1.0
00006234,0.0
00006235,0.0
00006238,4022.0
00006239,83.0
00006240,0.0
00006241,0.0
00006242,0.0
00006243,0.0
00006244,0.0
00006245,13.0
00006246,0.0
00006248,0.0
00006249,2997.0
00006250,0.0
00006251,0.0
00006252,0.0
00006253,0.0
00006255,0.0
00006256,1109.0
00006257,0.0
00006258,0.0
00006259,0.0
00006260,2812.0
00006261,0.0
00006262,0.0
00006263,0.0
00006264,0.0
00006266,3.0
00006267,1.0
00006268,0.0
00006270,601.0
00006271,0.0
00006273,0.0
00006274,0.0
00006275,12.0
00006276,0.0
00006277,836.0
00006278,0.0
00006279,0.0
00006280,0.0
00006281,93.0
00006282,34.0
00006283,1859.0
00006284,0.0
00006285,0.0
00006286,0.0
00006287,0.0
00006288,0.0
00006289,0.0
00006290,11.0
00006291,14.0
00006292,0.0
00006293,0.0
00006294,1.0
00006295,0.0
00006296,0.0
00006297,585.0
00006298,3.0
00006299,0.0
00006300,129.0
00006301,36.0
00006302,0.0
00006303,432.0
00006304,1.0
00006305,5.0
00006306,0.0
00006307,0.0
00006308,0.0
00006309,0.0
00006310,0.0
00006312,1480.0
00006313,12.0
00006314,0.0
00006315,39.0
00006316,0.0
00006317,0.0
00006318,264.0
00006319,8.0
00006320,3.0
00006321,38.0
00006322,414.0
00006323,0.0
00006324,1.0
00006325,2.0
00006326,881.0
00006327,67.0
00006329,10.0
00006330,7.0
00006331,17.0
00006332,559.0
00006333,0.0
00006334,4.0
00006335,0.0
00006336,0.0
00006337,183.0
00006338,23.0
00006339,21.0
00006340,28.0
00006341,320.0
00006342,0.0
00006343,0.0
00006344,0.0
00006345,0.0
00006346,15.0
00006347,0.0
00006348,0.0
00006349,31.0
00006350,151.0
00006351,0.0
00006352,2301.0
00006353,0.0
00006354,0.0
00006355,0.0
00006356,0.0
00006357,0.0
00006358,0.0
00006359,5567.0
00006361,1866.0
00006362,298.0
00006363,8.0
00006365,0.0
00006366,0.0
00006367,0.0
00006368,4.0
00006369,0.0
00006370,5.0
00006371,36.0
00006372,0.0
00006373,14.0
00006374,25.0
00006375,6.0
00006376,0.0
00006377,0.0
00006378,0.0
00006379,0.0
00006380,342.0
00006381,0.0
00006382,0.0
00006383,0.0
00006384,15.0
00006385,0.0
00006386,0.0
00006387,0.0
00006388,0.0
00006389,0.0
00006390,0.0
00006391,0.0
00006392,0.0
00006393,0.0
00006394,0.0
00006395,35.0
00006396,192.0
00006397,0.0
00006398,0.0
00006399,0.0
00006400,0.0
00006401,0.0
00006402,0.0
00006403,0.0
00006404,0.0
00006405,0.0
00006406,0.0
00006407,0.0
00006408,840.0
00006409,0.0
00006410,0.0
00006411,0.0
00006412,0.0
00006413,0.0
00006414,0.0
00006415,232.0
00006416,0.0
00006417,0.0
00006418,75.0
00006419,0.0
00006420,0.0
00006421,0.0
00006422,0.0
00006423,125.0
00006424,0.0
00006425,0.0
00006426,0.0
00006427,0.0
00006428,0.0
00006429,0.0
00006430,0.0
00006431,0.0
00006432,178.0
00006433,0.0
00006434,0.0
00006435,0.0
00006436,0.0
00006437,100.0
00006438,0.0
00006439,0.0
00006440,0.0
00006441,0.0
00006442,0.0
00006443,0.0
00006444,0.0
00006445,0.0
00006446,0.0
00006447,0.0
00006448,0.0
00006449,125.0
00006450,0.0
00006451,0.0
00006452,0.0
00006453,0.0
00006454,0.0
00006455,0.0
00006456,0.0
00006457,852.0
00006458,0.0
00006459,0.0
00006460,0.0
00006461,0.0
00006462,24.0
00006463,31.0
00006464,0.0
00006465,0.0
00006466,0.0
00006467,76.0
00006468,0.0
00006469,0.0
00006470,176.0
00006471,154.0
00006472,0.0
00006473,0.0
00006474,0.0
00006475,21.0
00006476,0.0
00006477,10.0
00006478,0.0
00006479,0.0
00006480,0.0
00006481,0.0
00006482,0.0
00006483,0.0
00006485,842.0
00006486,0.0
00006487,0.0
00006488,0.0
00006489,0.0
00006490,0.0
00006491,0.0
00006492,176.0
00006493,4.0
00006494,0.0
00006496,0.0
00006497,2.0
00006498,0.0
00006499,36.0
00006500,0.0
00006501,0.0
00006502,4866.0
00006503,0.0
00006504,0.0
00006505,0.0
00006506,111.0
00006507,0.0
00006508,29.0
00006509,2.0
00006510,0.0
00006511,0.0
00006512,0.0
00006513,0.0
00006514,0.0
00006515,0.0
00006516,0.0
00006517,0.0
00006518,0.0
00006519,48.0
00006520,0.0
00006521,0.0
00006522,0.0
00006523,0.0
00006524,0.0
00006525,0.0
00006526,0.0
00006527,0.0
00006528,0.0
00006529,1281.0
00006530,9.0
00006531,6.0
00006532,2.0
00006533,225.0
00006534,12.0
00006535,51.0
00006536,19.0
00006537,0.0
00006538,143.0
00006539,128.0
00006540,83.0
00006541,34.0
00006542,240.0
00006543,160.0
00006544,110.0
00006545,55.0
00006546,0.0
00006549,0.0
00006550,0.0
00006551,0.0
00006552,0.0
00006553,0.0
00006554,0.0
00006555,0.0
00006556,0.0
00006557,0.0
00006558,0.0
00006559,0.0
00006560,0.0
00006561,0.0
00006562,0.0
00006563,0.0
00006564,0.0
00006565,0.0
00006566,0.0
00006567,83.0
00006568,14.0
00006569,12.0
00006570,13.0
00006571,22.0
00006572,31.0
00006573,9.0
00006574,11.0
00006575,2.0
00006576,0.0
00006577,0.0
00006578,0.0
00006579,0.0
00006580,7567.0
00006587,1262.0
00006588,128.0
00006591,658.0
00006594,3.0
00006597,2066.0
00006599,765.0
00006602,0.0
00006605,0.0
00006606,0.0
00006607,0.0
00006609,0.0
00006611,0.0
00006612,0.0
00006613,0.0
00006614,0.0
00006615,4997.0
00006623,2261.0
00006628,37.0
00006629,0.0
00006630,14.0
00006631,2374.0
00006632,1331.0
00006633,0.0
00006635,7.0
00006636,0.0
00006637,0.0
00006639,0.0
00006640,0.0
00006641,0.0
00006645,0.0
00006646,0.0
00006647,0.0
00006648,0.0
00006649,0.0
00006650,599.0
00006667,0.0
00006668,0.0
00006669,0.0
00006674,0.0
00006695,163.0
00006701,0.0
00006707,0.0
00006708,0.0
00006710,0.0
00006711,0.0
00006712,0.0
00006714,0.0
00006715,0.0
00006716,0.0
00006722,0.0
00006732,4944.0
00006733,11885.0
00006737,0.0
00006738,0.0
00006742,0.0
00006745,0.0
00006746,0.0
00006747,0.0
00006748,0.0
00006753,0.0
00006756,0.0
00006757,0.0
00006758,0.0
00006759,0.0
00006766,0.0
00006768,0.0
00006770,0.0
00006771,0.0
00006772,0.0
00006773,0.0
00006774,0.0
00006775,0.0
00006783,0.0
00006784,0.0
00006785,0.0
00006787,0.0
00006788,0.0
00006796,0.0
00006802,0.0
00006809,0.0
00006810,0.0
00006812,590.0
00006814,0.0
00006815,0.0
00006816,0.0
00006817,0.0
00006818,0.0
00006820,0.0
00006821,6.0
00006822,2.0
00006823,0.0
00006824,0.0
00006828,0.0
00006829,0.0
00006830,0.0
00006831,0.0
00006832,0.0
00006833,0.0
00006834,0.0
00006835,0.0
00006836,0.0
00006837,0.0
00006840,0.0
00006843,813.0
00006844,0.0
00006850,0.0
00006851,0.0
00006852,0.0
00006853,0.0
00006854,0.0
00006855,0.0
00006856,0.0
00006857,0.0
00006858,0.0
00006859,0.0
00006860,0.0
00006861,0.0
00006862,0.0
00006863,0.0
00006864,0.0
00006865,0.0
00006866,0.0
00006867,0.0
00006868,0.0
00006869,0.0
00006870,0.0
00006871,0.0
00006874,0.0
00006876,0.0
00006877,0.0
00006878,0.0
00006879,0.0
00006880,0.0
00006882,29.0
00006884,0.0
00006885,0.0
00006886,0.0
00006888,0.0
00006890,0.0
00006891,0.0
00006898,6.0
00006900,0.0
00006901,0.0
00006902,0.0
00006903,1.0
00006905,0.0
00006906,0.0
00006911,0.0
00006914,0.0
00006918,11917.0
00006919,7405.0
00006925,550.0
00006930,65.0
00006936,0.0
00006937,0.0
00006938,0.0
00006939,0.0
00006940,0.0
00006941,0.0
00006942,0.0
00006943,0.0
00006944,0.0
00006947,0.0
00006948,0.0
00006949,0.0
00006950,0.0
00006951,0.0
00006958,0.0
00006959,0.0
00006960,0.0
00006963,0.0
00006971,0.0
00006972,0.0
00006973,0.0
00006974,0.0
00006975,0.0
00006977,0.0
00006978,0.0
00006979,0.0
00006980,0.0
00006981,0.0
00006982,0.0
00006983,0.0
00006984,0.0
00006985,0.0
00006993,0.0
00006994,0.0
00006995,0.0
00006996,0.0
00006997,0.0
00007016,0.0
00007017,6.0
00007018,0.0
00007019,0.0
00007024,0.0
00007028,772.0
00007031,0.0
00007034,0.0
00007045,0.0
00007047,0.0
00007048,0.0
00007049,0.0
00007050,0.0
00007053,10.0
00007078,0.0
00007080,0.0
00007081,0.0
00007082,0.0
00007083,0.0
00007084,0.0
00007085,0.0
00007086,510.0
00007090,0.0
00007092,1254.0
00007096,0.0
00007097,0.0
00007098,0.0
00007099,0.0
00007100,0.0
00007101,0.0
00007102,0.0
00007103,0.0
00007106,0.0
00007108,0.0
00007109,0.0
00007110,0.0
00007111,0.0
00007112,0.0
00007115,0.0
00007116,0.0
00007117,503.0
00007121,0.0
00007122,0.0
00007124,0.0
00007125,0.0
00007126,16346.0
00007127,401.0
00007129,1125.0
00007131,0.0
00007132,4.0
00007133,1063.0
00007135,2161.0
00007138,0.0
00007142,0.0
00007143,0.0
00007144,0.0
00007145,0.0
00007146,0.0
00007147,0.0
00007151,0.0
00007152,1347.0
00007166,0.0
00007167,0.0
00007168,56.0
00007171,2.0
00007178,0.0
00007179,0.0
00007180,0.0
00007185,0.0
00007186,0.0
00007187,0.0
00007210,0.0
00007224,0.0
00007226,0.0
00007237,0.0
00007238,8.0
00007240,0.0
00007241,0.0
00007247,7.0
00007248,0.0
00007249,0.0
00007265,0.0
00007266,0.0
00007267,0.0
00007275,0.0
00007277,1424.0
00007289,6.0
00007290,6.0
00007291,0.0
00007292,0.0
00007293,0.0
00007294,2.0
00007295,0.0
00007297,0.0
00007298,2.0
00007301,1.0
00007302,0.0
00007303,0.0
00007305,0.0
00007312,0.0
00007314,3135.0
00007319,0.0
00007321,0.0
00007325,386.0
00007327,0.0
00007336,0.0
00007337,0.0
00007338,0.0
00007339,0.0
00007340,0.0
00007341,0.0
00007342,0.0
00007343,1.0
00007344,471.0
00007345,849.0
00007346,920.0
00007358,0.0
00007359,0.0
00007361,0.0
00007362,0.0
00007365,0.0
00007366,0.0
00007367,0.0
00007368,0.0
00007369,0.0
00007370,0.0
00007371,0.0
00007372,0.0
00007373,0.0
00007375,0.0
00007384,0.0
00007385,6.0
00007386,0.0
00007387,0.0
00007388,0.0
00007389,128.0
00007390,0.0
00007391,0.0
00007392,1.0
00007393,1.0
00007394,0.0
00007395,0.0
00007396,0.0
00007397,748.0
00007399,0.0
00007401,0.0
00007403,0.0
00007404,0.0
00007405,0.0
00007406,1.0
00007407,0.0
00007409,0.0
00007411,0.0
00007412,0.0
00007414,657.0
00007415,2189.0
00007416,1556.0
00007417,0.0
00007418,0.0
00007420,0.0
00007431,0.0
00007432,0.0
00007433,0.0
00007439,949.0
00007440,1729.0
00007441,709.0
00007442,660.0
00007443,383.0
00007444,0.0
00007449,0.0
00007450,0.0
00007453,281.0
00007454,0.0
00007455,0.0
00007456,0.0
00007460,0.0
00007461,0.0
00007463,0.0
00007464,0.0
00007629,0.0
00007632,13871.0
00007633,24226.0
00007634,30807.0
00007635,10208.0
00007636,3261.0
00007637,13889.0
00007638,9009.0
00007639,16318.0
00007644,12.0
00007684,0.0
00007686,5281.0
00007687,10.0
00007688,253.0
00007692,1549.0
00007696,0.0
00007697,0.0
00007698,0.0
00007699,0.0
00007700,0.0
00007701,0.0
00007705,0.0
00007706,2.0
00007707,7.0
00007708,0.0
00007709,0.0
00007714,0.0
00007717,0.0
00007719,3734.0
00007720,0.0
00007722,0.0
00007723,0.0
00007732,7227.0
00007733,10037.0
00007734,853.0
00007735,0.0
00007738,0.0
00007744,0.0
00007745,0.0
00007746,0.0
00007747,0.0
00007748,0.0
00007749,0.0
00007750,0.0
00007751,0.0
00007752,0.0
00007753,0.0
00007874,0.0
00007918,0.0
00007948,0.0
00008012,52.0
00008024,3417.0
00008036,0.0
00008044,0.0
00008108,1283.0
00008151,1192.0
00008154,50.0
00008215,0.0
00008229,0.0
00008258,0.0
00008265,35234.0
00008266,11819.0
00008269,258.0
00008271,11631.0
00008281,1138.0
00008292,7773.0
00008317,87589.0
00008318,17215.0
00008325,10562.0
00008351,25.0
00008353,74704.0
00008378,0.0
00008388,0.0
00008389,0.0
00008398,11844.0
00008413,57.0
00008438,18737.0
00008453,0.0
00008475,0.0
00008489,39489.0
00008502,72410.0
00008514,3094.0
00008516,30.0
00008519,5072.0
00008539,10566.0
00008564,7785.0
00008577,12139.0
00008652,18064.0
00008653,2064.0
00008654,1961.0
00008656,8037.0
00008658,1643.0
00008660,700.0
00008668,0.0
00008685,22243.0
00008709,4644.0
00008711,10336.0
00008720,54315.0
00008730,85.0
00008741,30248.0
00008746,35390.0
00008750,1352.0
00008751,0.0
00008786,1648.0
00008802,0.0
00008803,863.0
00008825,445.0
00008826,1541.0
00008835,15465.0
00008841,0.0
00008844,0.0
00008858,3901.0
00008880,173.0
00008881,6630.0
00008911,0.0
00008912,0.0
00008913,0.0
00008914,0.0
00008915,0.0
00008917,0.0
00008922,0.0
00008923,0.0
00008924,0.0
00008925,0.0
00008956,124.0
00008975,0.0
00008995,0.0
00008996,0.0
00009010,453.0
00009037,8818.0
00009038,3390.0
00009040,5738.0
00009041,1168.0
00009042,14189.0
00009043,564.0
00009046,0.0
00009047,135244.0
00009049,0.0
00009054,24077.0
00009055,10038.0
00009057,1767.0
00009059,2131.0
00009066,8017.0
00009067,2873.0
00009068,1652.0
00009075,0.0
00009084,0.0
00009085,0.0
00009088,0.0
00009090,2746.0
00009104,654.0
00009116,34802.0
00009123,13387.0
00009132,11956.0
00009141,7794.0
00009142,0.0
00009144,1182.0
00009145,0.0
00009148,0.0
00009153,11116.0
00009180,14278.0
00009183,0.0
00009188,18365.0
00009201,8.0
00009202,9.0
00009203,90.0
00009215,29836.0
00009217,143.0
00009218,0.0
00009219,0.0
00009220,16.0
00009221,0.0
00009222,3.0
00009234,2209.0
00009250,7642.0
00009251,46018.0
00009262,0.0
00009273,7.0
00009278,2740.0
00009288,0.0
00009296,17.0
00009298,0.0
00009300,1.0
00009319,5507.0
00009320,16.0
00009323,0.0
00009326,617.0
00009372,0.0
00009409,23397.0
00009437,2550.0
00009466,4.0
00009467,0.0
00009469,0.0
00009476,23.0
00009483,0.0
00009486,0.0
00009499,0.0
00009501,0.0
00009502,0.0
00009503,0.0
00009504,0.0
00009505,0.0
00009513,0.0
00009591,1963.0
00009599,30.0
00009600,49131.0
00009606,0.0
00009627,145.0
00009641,944.0
00009646,0.0
00009651,47.0
00009660,409.0
00009661,0.0
00009682,6973.0
00009683,0.0
00009685,195.0
00009690,0.0
00009693,0.0
00009696,0.0
00009697,0.0
00009698,0.0
00009706,0.0
00009707,0.0
00009709,0.0
00009710,0.0
00009713,0.0
00009714,1.0
00009720,513.0
00009731,0.0
00009734,0.0
00009747,4056.0
00009748,1823.0
00009749,1016.0
00009751,364.0
00009760,108.0
00009762,15.0
00009770,0.0
00009838,0.0
00009839,0.0
00009850,5275.0
00009854,0.0
00009857,0.0
00009863,0.0
00009870,0.0
00009886,15583.0
00009888,0.0
00009891,0.0
00009892,3.0
00009893,0.0
00009895,0.0
00009899,13698.0
00009900,63.0
00009901,0.0
00009913,0.0
00009917,1.0
00009921,850.0
00009924,30.0
00009925,16.0
00009933,0.0
00009940,69.0
00009954,5924.0
00009957,0.0
00009958,0.0
00009963,0.0
00009964,0.0
00009965,2.0
00009966,0.0
00009967,2.0
00009968,0.0
00009979,0.0
00009982,0.0
00009988,12027.0
00009989,13219.0
00010007,1.0
00010008,0.0
00010013,0.0
00010014,617.0
00010038,0.0
00010041,42676.0
00010060,1518.0
00010062,2024.0
00010063,2757.0
00010098,1334.0
00010110,0.0
00010111,0.0
00010135,14380.0
00010136,2612.0
00010148,5.0
00010153,0.0
00010157,0.0
00010160,0.0
00010165,0.0
00010182,28872.0
00010185,77318.0
00010190,0.0
00010191,0.0
00010192,0.0
00010205,0.0
00010222,0.0
00010228,0.0
00010235,1.0
00010236,29.0
00010243,11.0
00010244,25598.0
00010250,0.0
00010251,3569.0
00010258,1713.0
00010265,0.0
00010267,5999.0
00010269,68.0
00010270,0.0
00010271,0.0
00010272,2593.0
00010273,14.0
00010274,1.0
00010275,0.0
00010276,2.0
00010277,0.0
00010278,8.0
00010292,0.0
00010318,0.0
00010333,7977.0
00010344,0.0
00010385,0.0
00010394,297.0
00010402,0.0
00010429,1557.0
00010434,0.0
00010451,0.0
00010464,4688.0
00010467,0.0
00010475,3.0
00010483,122.0
00010498,0.0
00010502,0.0
00010515,0.0
00010516,0.0
00010533,103419.0
00010536,10689.0
00010540,45.0
00010544,0.0
00010557,0.0
00010559,76.0
00010569,3095.0
00010571,67158.0
00010573,0.0
00010581,6448.0
00010603,10322.0
00010605,203.0
00010610,0.0
00010626,0.0
00010662,2119.0
00010669,0.0
00010679,3.0
00010680,0.0
00010688,0.0
00010699,0.0
00010702,0.0
00010703,0.0
00010704,0.0
00010710,19.0
00010723,60.0
00010736,1253.0
00010739,0.0
00010743,14354.0
00010751,7786.0
00010758,0.0
00010759,0.0
00010760,0.0
00010761,0.0
00010762,0.0
00010764,9.0
00010765,0.0
00010776,0.0
00010777,11.0
00010790,0.0
00010792,0.0
00010804,0.0
00010809,0.0
00010815,2633.0
00010821,5.0
00010827,337.0
00010831,0.0
00010834,0.0
00010843,17.0
00010879,863.0
00010883,623.0
00010900,44.0
00010918,0.0
00010920,0.0
00010929,0.0
00010965,0.0
00010966,0.0
00010972,221.0
00010987,0.0
00010992,464.0
00010993,507.0
00010995,0.0
00010997,0.0
00011002,0.0
00011003,0.0
00011007,0.0
00011009,17243.0
00011020,15855.0
00011023,0.0
00011056,0.0
00011061,0.0
00011063,0.0
00011064,0.0
00011065,0.0
00011066,0.0
00011067,0.0
00011068,0.0
00011087,590.0
00011110,0.0
00011113,0.0
00011129,120.0
00011138,0.0
00011154,470.0
00011156,0.0
00011163,1080.0
00011166,0.0
00011167,0.0
00011182,0.0
00011185,0.0
00011188,0.0
00011189,2.0
00011190,0.0
00011195,15.0
00011197,0.0
00011199,17.0
00011200,39.0
00011201,44.0
00011202,46.0
00011204,0.0
00011205,11.0
00011206,396.0
00011207,0.0
00011208,0.0
00011209,84.0
00011210,0.0
00011211,0.0
00011212,0.0
00011213,23278.0
00011214,13757.0
00011220,53.0
00011225,133.0
00011227,1.0
00011229,0.0
00011230,0.0
00011231,0.0
00011232,69.0
00011234,0.0
00011258,0.0
00011260,0.0
00011261,0.0
00011262,0.0
00011272,91.0
00011275,0.0
00011326,0.0
00011329,0.0
00011337,19638.0
00011338,2541.0
00011339,1054.0
00011343,0.0
00011350,0.0
00011351,0.0
00011354,0.0
00011358,0.0
00011362,0.0
00011365,0.0
00011369,13.0
00011372,0.0
00011386,0.0
00011395,45.0
00011396,1986.0
00011397,0.0
00011398,2.0
00011399,0.0
00011400,0.0
00011401,11701.0
00011408,217.0
00011409,49501.0
00011416,0.0
00011421,3.0
00011425,0.0
00011426,0.0
00011431,0.0
00011437,0.0
00011438,330.0
00011443,0.0
00011448,174.0
00011454,69.0
00011462,0.0
00011463,0.0
00011466,370.0
00011470,5509.0
00011485,2.0
00011491,0.0
00011497,0.0
00011498,23.0
00011528,23.0
00011547,0.0
00011560,0.0
00011562,0.0
00011570,0.0
00011571,0.0
00011573,0.0
00011578,0.0
00011579,4.0
00011592,408.0
00011624,0.0
00011626,0.0
00011627,0.0
00011628,0.0
00011629,0.0
00011661,0.0
00011664,0.0
00011677,0.0
00011702,1176.0
00011720,22.0
00011733,606.0
00011737,587.0
00011741,0.0
00011743,14.0
00011744,5.0
00011747,0.0
00011750,0.0
00011763,761.0
00011768,3.0
00011769,74.0
00011773,7.0
00011775,43527.0
00011777,0.0
00011787,1.0
00011794,3233.0
00011803,0.0
00011808,0.0
00011833,4781.0
00011849,0.0
00011874,0.0
00011876,0.0
00011894,0.0
00011909,0.0
00011913,1.0
00011950,0.0
00011967,839.0
00011968,126.0
00011978,436.0
00011995,0.0
00012020,0.0
00012023,0.0
00012075,0.0
00012083,0.0
00012085,0.0
00012088,18.0
00012097,0.0
00012104,0.0
00012106,101.0
00012110,0.0
00012114,0.0
00012120,0.0
00012124,0.0
00012125,0.0
00012161,2153.0
00012165,0.0
00012188,0.0
00012190,0.0
00012192,0.0
00012194,0.0
00012195,0.0
00012206,0.0
00012219,159.0
00012220,17.0
00012228,0.0
00012229,0.0
00012235,0.0
00012243,8973.0
00012260,0.0
00012261,415.0
00012262,97.0
00012267,1886.0
00012272,53607.0
00012274,3.0
00012275,49.0
00012277,0.0
00012292,0.0
00012301,161.0
00012319,101.0
00012366,6464.0
00012429,0.0
00012446,0.0
00012449,1992.0
00012454,10.0
00012457,53.0
00012468,0.0
00012469,0.0
00012470,0.0
00012471,0.0
00012492,0.0
00012555,0.0
00012633,8736.0
00012641,0.0
00012644,0.0
00012664,0.0
00012666,5261.0
00012671,2159.0
00012692,0.0
00012739,12.0
00012740,23.0
00012741,0.0
00012761,264.0
00012765,20.0
00012807,48.0
00012822,3.0
00012831,0.0
00012854,2526.0
00012885,9.0
00012897,0.0
00012900,0.0
00012904,0.0
00012905,1.0
00012907,8245.0
00012923,72.0
00012924,0.0
00012926,0.0
00012931,0.0
00012932,0.0
00012947,0.0
00012953,155.0
00012975,1227.0
00012995,0.0
00013021,0.0
00013022,0.0
00013042,254.0
00013058,8.0
00013059,0.0
00013064,0.0
00013164,69.0
00013165,0.0
00013174,0.0
00013264,0.0
00013290,117046.0
00013291,245740.0
00013292,0.0
00013295,28661.0
00013296,29438.0
00013297,11485.0
00013298,1037.0
00013299,9.0
00013300,0.0
00013305,2.0
00013371,64.0
00013373,1685.0
00013383,54.0
00013386,397.0
00013494,5751.0
00013506,0.0
00013516,0.0
00013550,0.0
00013552,0.0
00013591,15699.0
00013605,0.0
00013624,0.0
00013662,0.0
00013663,1.0
00013687,0.0
00013699,0.0
00013722,6318.0
00013727,0.0
00013754,0.0
00013794,0.0
00013800,0.0
00013802,0.0
00013808,0.0
00013810,0.0
00013825,0.0
00013827,0.0
00013834,0.0
00013849,0.0
00013862,0.0
00013863,0.0
00013864,0.0
00013900,0.0
00013910,16205.0
00013911,13140.0
00013912,159115.0
00013914,693.0
00014017,3.0
00014071,0.0
00014079,0.0
00014092,0.0
00014147,58748.0
00014176,0.0
00014181,0.0
00014222,0.0
00014311,39.0
00014314,0.0
00014361,0.0
00014382,0.0
00014383,0.0
00014384,3.0
00014385,11.0
00014403,0.0
00014473,844.0
00014501,16960.0
00014509,5.0
00014718,673.0
00014765,0.0
00014889,0.0
00015075,0.0
00015077,0.0
00015078,0.0
00015118,2869.0
00015143,0.0
00015179,0.0
00015182,0.0
00015230,3983.0
00015236,0.0
00015266,290.0
00015310,0.0
00015349,0.0
00015375,408.0
00015377,0.0
00015392,0.0
00015421,0.0
00015422,0.0
00015461,0.0
00015471,0.0
00015496,22.0
00015577,0.0
00015585,0.0
00015598,18969.0
00015610,4691.0
00015657,281.0
00015684,982.0
00015716,0.0
00015718,0.0
00015730,7896.0
00015771,12.0
00015817,0.0
00015835,5.0
00015854,2.0
00015876,6.0
00015905,0.0
00015914,0.0
00015927,0.0
00015934,0.0
00015963,0.0
00015968,1283.0
00016005,10.0
00016016,0.0
00016017,0.0
00016037,126.0
00016057,0.0
00016064,28.0
00016067,0.0
00016094,3025.0
00016110,0.0
00016121,0.0
00016134,0.0
00016135,0.0
00016136,4.0
00016137,0.0
00016138,0.0
00016139,0.0
00016148,100.0
00016151,0.0
00016153,8681.0
00016157,45318.0
00016204,0.0
00016301,0.0
00016325,0.0
00016327,0.0
00016328,0.0
00016329,0.0
00016330,0.0
00016332,0.0
00016334,0.0
00016335,0.0
00016353,4891.0
00016357,678.0
00016363,233.0
00016374,74055.0
00016397,0.0
00016422,0.0
00016423,0.0
00016424,0.0
00016453,0.0
00016481,2282.0
00016482,0.0
00016484,0.0
00016486,0.0
00016488,0.0
00016536,45.0
00016541,0.0
00016551,142.0
00016552,3149.0
00016569,1649.0
00016641,2.0
00016651,263.0
00016653,2.0
00016721,5162.0
00016723,0.0
00016729,0.0
00016744,10357.0
00016758,0.0
00016786,0.0
00016794,4477.0
00016827,281.0
00016830,0.0
00016886,0.0
00016896,0.0
00016908,0.0
00016909,0.0
00016911,0.0
00016912,0.0
00016918,4247.0
00016951,0.0
00017023,0.0
00017024,5018.0
00017075,38.0
00017077,9130.0
00017081,0.0
00017084,0.0
00017085,0.0
00017099,0.0
00017149,0.0
00017173,0.0
00017311,0.0
00017336,0.0
00017369,42.0
00017385,0.0
00017391,15.0
00017392,0.0
00017393,1189.0
00017468,1.0
00017493,21.0
00017500,355.0
00017540,0.0
00017563,1482.0
00017588,0.0
00017589,0.0
00017604,0.0
00017634,1243.0
00017676,0.0
00017678,0.0
00017685,183.0
00017687,0.0
00017690,0.0
00017695,1949.0
00017707,0.0
00017726,0.0
00017752,0.0
00017754,0.0
00017799,0.0
00017800,0.0
00017801,0.0
00017813,0.0
00017815,0.0
00017816,0.0
00017820,0.0
00017823,0.0
00017847,21.0
00017849,7.0
00017883,308.0
00017902,0.0
00017903,0.0
00017909,0.0
00017924,0.0
00017925,0.0
00018008,0.0
00018011,1085.0
00018077,0.0
00018081,0.0
00018106,0.0
00018118,2.0
00018119,0.0
00018120,0.0
00018121,2.0
00018123,0.0
00018126,0.0
00018171,1972.0
00018189,0.0
00018190,0.0
00018192,0.0
00018225,0.0
00018226,0.0
00018230,2563.0
00018241,0.0
00018297,0.0
00018306,0.0
00018307,0.0
00018310,7404.0
00018319,68444.0
00018385,110.0
00018404,5902.0
00018450,0.0
00018475,0.0
00018492,0.0
00018493,0.0
00018550,0.0
00018580,74424.0
00018581,0.0
00018584,5353.0
00018592,8.0
00018606,1904.0
00018626,0.0
00018659,799.0
00018667,0.0
00018670,0.0
00018704,227.0
00018768,0.0
00018769,0.0
00018775,0.0
00018808,0.0
00018816,0.0
00018825,0.0
00018921,0.0
00018935,0.0
00018950,0.0
00018985,16749.0
00018987,0.0
00019049,16428.0
00019070,0.0
00019093,0.0
00019140,0.0
00019155,0.0
00019233,0.0
00019285,0.0
00019286,0.0
00019289,93.0
00019390,21.0
00019481,22.0
00019549,0.0
00019591,0.0
00019599,0.0
00019671,0.0
00019716,0.0
00019748,0.0
00019765,0.0
00019769,0.0
00019787,2745.0
00019790,0.0
00019792,0.0
00019793,0.0
00019794,0.0
00019839,7.0
00020106,0.0
00020157,0.0
00020181,0.0
00020230,0.0
00020245,0.0
00020274,8688.0
00020346,0.0
00020382,0.0
00020444,0.0
00020543,416.0
00020674,0.0
00020823,0.0
00020827,0.0
00020853,0.0
00020868,0.0
00020925,3259.0
00020976,0.0
00020979,1827.0
00021002,0.0
00021003,1655.0
00021009,0.0
00021061,0.0
00021062,0.0
00021066,0.0
00021094,0.0
00021096,0.0
00021104,0.0
00021224,0.0
00021226,0.0
00021227,0.0
00021228,0.0
00021259,0.0
00021354,0.0
00021412,914.0
00021449,0.0
00021450,0.0
00021465,1.0
00021475,0.0
00021481,0.0
00021508,0.0
00021550,0.0
00021551,0.0
00021587,13.0
00021651,0.0
00021652,0.0
00021664,0.0
00021768,0.0
00021797,0.0
00021800,0.0
00021801,0.0
00021802,0.0
00021803,0.0
00021804,0.0
00021805,0.0
00021806,0.0
00021814,0.0
00021850,0.0
00021966,0.0
00021969,0.0
00022016,0.0
00022037,0.0
00022075,0.0
00022113,0.0
00023022,0.0
00023087,0.0
00023151,16.0
00023159,23972.0
00023175,0.0
00023273,0.0
00023301,1031.0
00023338,0.0
00023381,0.0
00023431,0.0
00023488,0.0
00023509,0.0
00023564,0.0
00023570,78.0
00023602,0.0
00023731,103.0
00023733,236.0
00023741,0.0
00023760,0.0
00023785,0.0
00023833,0.0
00023852,0.0
00023917,0.0
00023956,0.0
00023969,0.0
00024132,0.0
00024140,0.0
00024168,0.0
00024173,83.0
00024208,0.0
00024259,0.0
00024299,0.0
00024304,0.0
00024336,0.0
00024374,0.0
00024409,0.0
00024425,0.0
00024428,0.0
00024527,0.0
00024531,416.0
00024571,0.0
00024608,138.0
00024651,0.0
00024663,0.0
00024669,0.0
00024686,0.0
00024692,4.0
00024719,20.0
00024750,0.0
00024779,0.0
00024780,0.0
00024847,0.0
00024872,0.0
00024924,0.0
00024931,0.0
00024938,0.0
00024940,2.0
00025042,0.0
00025043,0.0
00025049,0.0
00025061,110.0
00025066,0.0
00025160,283.0
00025207,15.0
00025208,3256.0
00025210,1687.0
00025212,0.0
00025226,0.0
00025272,0.0
00025299,0.0
00025303,62.0
00025338,3.0
00025339,0.0
00025342,0.0
00025343,3.0
00025346,2.0
00025369,0.0
00025371,0.0
00025383,171.0
00025393,0.0
00025474,0.0
00025485,0.0
00025526,0.0
00025535,0.0
00025536,0.0
00025537,0.0
00025573,0.0
00025598,132.0
00025623,0.0
00025659,0.0
00025732,0.0
00025739,0.0
00025740,0.0
00025749,0.0
00025771,0.0
00025772,0.0
00025776,2.0
00025804,0.0
00025858,36.0
00025870,2.0
00025875,0.0
00025879,0.0
00025930,0.0
00025933,0.0
00025970,353.0
00025973,415.0
00025977,0.0
00026004,0.0
00026009,0.0
00026055,0.0
00026070,25.0
00026077,0.0
00026079,1436.0
00026080,356.0
00026094,0.0
00026163,25.0
00026167,183.0
00026181,0.0
00026182,0.0
00026273,0.0
00026282,0.0
00026299,0.0
00026304,0.0
00026345,0.0
00026352,0.0
00026367,0.0
00026387,0.0
00026399,0.0
00026411,1300.0
00026446,0.0
00026473,0.0
00026642,0.0
00026677,0.0
00026698,0.0
00026706,289.0
00026707,0.0
00026774,3.0
00026793,0.0
00026856,0.0
00026928,0.0
00026935,614.0
00026936,10104.0
00026938,0.0
00026966,0.0
00026983,0.0
00027002,42.0
00027008,0.0
00027009,0.0
00027011,0.0
00027016,0.0
00027021,0.0
00027028,0.0
00027051,0.0
00027062,2.0
00027078,0.0
00027080,0.0
00027081,0.0
00027083,0.0
00027084,0.0
00027085,0.0
00027097,0.0
00027134,0.0
00027144,0.0
00027157,0.0
00027173,1422.0
00027190,0.0
00027203,0.0
00027214,6215.0
00027216,0.0
00027244,0.0
00027247,0.0
00027260,326.0
00027276,0.0
00027312,0.0
00027320,3914.0
00027358,617.0
00027371,0.0
00027415,0.0
00027447,115.0
00027451,267.0
00027459,26.0
00027462,1274.0
00027464,0.0
00027465,0.0
00027478,510.0
00027524,0.0
00027565,162180.0
00027591,0.0
00027592,0.0
00027615,0.0
00027622,0.0
00027647,0.0
00027655,0.0
00027693,0.0
00027694,74.0
00027727,0.0
00027730,0.0
00027731,0.0
00027733,9447.0
00027736,0.0
00027769,0.0
00027783,0.0
00027790,0.0
00027800,0.0
00027801,0.0
00027821,0.0
00027843,0.0
00027857,865.0
00027929,0.0
00027935,0.0
00028102,1009.0
00028123,0.0
00028133,152.0
00028189,0.0
00028244,1.0
00028248,0.0
00028254,0.0
00028266,14.0
00028290,1322.0
00028338,17.0
00028355,0.0
00028374,2.0
00028405,0.0
00028448,150.0
00028456,543.0
00028457,0.0
00028464,0.0
00028483,0.0
00028484,0.0
00028492,0.0
00028540,0.0
00028653,0.0
00028683,0.0
00028695,0.0
00028701,0.0
00028745,0.0
00028766,0.0
00028780,0.0
00028870,0.0
00028941,0.0
00028947,0.0
00028949,0.0
00028966,206.0
00029010,0.0
00029011,0.0
00029024,0.0
00029040,0.0
00029058,0.0
00029106,0.0
00029132,0.0
00029146,0.0
00029151,6574.0
00029197,0.0
00029247,8.0
00029299,0.0
00029301,0.0
00029371,3.0
00029375,0.0
00029381,0.0
00029401,0.0
00029429,0.0
00029478,0.0
00029480,0.0
00029509,0.0
00029518,0.0
00029680,0.0
00029682,0.0
00029684,0.0
00029753,0.0
00029804,0.0
00029833,0.0
00029835,0.0
00029844,0.0
00029964,0.0
00030057,8064.0
00030072,0.0
00030151,72.0
00030155,0.0
00030156,0.0
00030165,0.0
00030166,0.0
00030167,0.0
00030270,0.0
00030339,0.0
00030346,0.0
00030347,0.0
00030366,0.0
00030382,0.0
00030443,0.0
00030507,0.0
00030508,0.0
00030561,712.0
00030564,1630.0
00030606,0.0
00030638,0.0
00030639,0.0
00030640,0.0
00030641,0.0
00030642,0.0
00030643,0.0
00030666,0.0
00030708,0.0
00030711,0.0
00030712,0.0
00030727,0.0
00030730,0.0
00030763,0.0
00030785,0.0
00030794,0.0
00030802,0.0
00030821,0.0
00030839,0.0
00030859,0.0
00030864,0.0
00030894,0.0
00030900,0.0
00030934,133.0
00030940,0.0
00030976,0.0
00030990,0.0
00030997,80.0
00031024,0.0
00031032,0.0
00031083,0.0
00031084,0.0
00031087,0.0
00031123,0.0
00031162,0.0
00031179,2327.0
00031235,78.0
00031239,2.0
00031271,0.0
00031275,0.0
00031276,0.0
00031294,4652.0
00031333,0.0
00031389,0.0
00031428,0.0
00031446,0.0
00031454,0.0
00031456,0.0
00031488,0.0
00031497,0.0
00031499,0.0
00031532,0.0
00031567,0.0
00031617,0.0
00031671,240.0
00031672,760.0
00031681,0.0
00031694,8.0
00031717,0.0
00031725,0.0
00031728,0.0
00031751,0.0
00031804,0.0
00031850,19.0
00031854,0.0
00031879,286.0
00031880,22.0
00031881,38.0
00031883,0.0
00031887,0.0
00031894,0.0
00031939,0.0
00031941,0.0
00032002,0.0
00032053,500.0
00032056,0.0
00032081,1704.0
00032096,0.0
00032157,0.0
00032158,1.0
00032189,0.0
00032194,1503.0
00032247,32.0
00032253,0.0
00032291,2.0
00032298,0.0
00032314,14.0
00032339,0.0
00032362,0.0
00032365,106.0
00032409,0.0
00032437,0.0
00032439,0.0
00032441,0.0
00032460,0.0
00032461,7.0
00032464,13.0
00032465,2.0
00032503,0.0
00032541,0.0
00032596,205.0
00032601,1070.0
00032613,0.0
00032615,78.0
00032667,19.0
00032672,35.0
00032674,6415.0
00032701,0.0
00032702,47.0
00032703,0.0
00032739,2766.0
00032740,0.0
00032741,825.0
00032743,0.0
00032747,0.0
00032836,0.0
00032840,0.0
00032853,0.0
00032923,0.0
00032931,0.0
00032932,0.0
00033027,137.0
00033050,0.0
00033094,0.0
00033097,0.0
00033132,0.0
00033146,0.0
00033149,96.0
00033237,0.0
00033257,0.0
00033263,4.0
00033334,179.0
00033344,0.0
00033381,34955.0
00033384,67.0
00033385,63.0
00033456,32.0
00033478,0.0
00033543,0.0
00033595,0.0
00033622,0.0
00033671,95.0
00033777,0.0
00033799,0.0
00033826,0.0
00033856,0.0
00033905,0.0
00033966,0.0
00033971,0.0
00033999,2.0
00034003,0.0
00034004,0.0
00034011,0.0
00034014,34.0
00034018,0.0
00034019,1190.0
00034021,0.0
00034033,18.0
00034036,2100.0
00034083,0.0
00034095,0.0
00034097,20.0
00034209,0.0
00034223,532.0
00034231,0.0
00034252,2347.0
00034335,0.0
00034351,11538.0
00034355,19646.0
00034418,0.0
00034419,0.0
00034440,0.0
00034448,0.0
00034449,0.0
00034450,0.0
00034471,364.0
00034571,0.0
00034573,0.0
00034576,0.0
00034635,0.0
00034658,0.0
00034685,0.0
00034694,0.0
00034715,0.0
00034717,0.0
00034721,0.0
00034726,549.0
00034737,3010.0
00034755,0.0
00034853,4687.0
00034887,0.0
00034929,0.0
00034937,0.0
00034976,0.0
00034984,343.0
00034990,1053.0
00035033,0.0
00035042,0.0
00035044,0.0
00035125,6698.0
00035151,0.0
00035157,291.0
00035159,102.0
00035166,0.0
00035199,0.0
00035222,0.0
00035250,0.0
00035257,443.0
00035260,474.0
00035261,0.0
00035285,0.0
00035288,1482.0
00035307,0.0
00035336,0.0
00035351,0.0
00035352,0.0
00035362,0.0
00035364,0.0
00035432,0.0
00035495,0.0
00035582,0.0
00035583,0.0
00035584,0.0
00035585,1.0
00035628,0.0
00035635,0.0
00035688,0.0
00035704,0.0
00035708,0.0
00035728,12.0
00035735,292.0
00035739,2.0
00035749,0.0
00035753,0.0
00035767,0.0
00035791,0.0
00035838,0.0
00035845,0.0
00035860,0.0
00035861,0.0
00035862,0.0
00035863,0.0
00035864,0.0
00035881,0.0
00035882,0.0
00035950,0.0
00035955,2137.0
00035992,0.0
00036012,0.0
00036034,4882.0
00036087,0.0
00036180,0.0
00036240,0.0
00036257,0.0
00036302,0.0
00036317,0.0
00036351,0.0
00036405,735.0
00036423,0.0
00036495,0.0
00036519,0.0
00036586,0.0
00036591,11.0
00036592,0.0
00036594,865.0
00036660,2.0
00036675,1938.0
00036760,2656.0
00036790,396.0
00036819,0.0
00036839,0.0
00036926,0.0
00036943,23.0
00036951,0.0
00036967,0.0
00036980,87.0
00037100,7.0
00037105,0.0
00037119,0.0
00037125,0.0
00037159,0.0
00037213,0.0
00037257,0.0
00037258,0.0
00037259,0.0
00037260,0.0
00037261,0.0
00037268,0.0
00037287,0.0
00037319,0.0
00037344,0.0
00037347,0.0
00037376,2211.0
00037492,0.0
00037540,1426.0
00037570,0.0
00037579,40.0
00037588,0.0
00037606,0.0
00037670,0.0
00037766,0.0
00037768,0.0
00037769,0.0
00037774,0.0
00037919,2439.0
00038021,0.0
00038042,0.0
00038095,0.0
