ubigeo,n_facilities,mean,max,emergencias_total
000ACO,4.0,8874.8717998027,9059.311070183394,
000ATE,22.0,8673.943622714572,8676.60012315002,
000AYO,1.0,8304.752370727036,8316.491198850566,
000ICA,11.0,8451.506338089706,8457.433174134978,
000ILO,6.0,8092.26208978521,8096.596494208838,
000ITE,2.0,8078.804743455166,8097.648628847937,
000UCO,1.0,8988.160705360982,8993.426241982537,
00ACAS,1.0,8843.150352084589,8850.855310471497,
00ACOS,1.0,8499.812111069623,8509.012943436184,
00ACZO,3.0,8986.743532783687,8993.710463575253,
00AIJA,1.0,8919.399357277167,8925.154719235541,
00ALCA,1.0,8359.178659975925,8363.758723913943,
00ALIS,2.0,8652.2868184407,8655.745140733397,
00AMBO,7.0,8886.465736082364,8893.71686821125,
00ANCO,12.0,8603.951172478452,8634.246555088432,
00ANRA,1.0,8982.281204924038,8983.714773370606,
00ANTA,15.0,8717.449850889365,8969.620949827467,
00ARMA,3.0,8560.524548397585,8571.834576358096,
00ASIA,2.0,8580.718879956996,8623.933148957874,
00AYNA,3.0,8624.3707638585,8633.411122705907,
00CAJA,3.0,8594.383105789491,8601.329886872698,
00CHAO,7.0,9056.951155402301,9067.643383818395,
00COPA,2.0,8859.731500908088,8865.97129205917,
00COYA,1.0,8558.548406854836,8561.254851371328,
00CUPI,2.0,8401.809652705679,8409.672681692055,
00ETEN,1.0,9233.96243597982,9235.262379053125,
00IRAY,,8278.20933449533,8281.171455208247,
00JAEN,24.0,9363.070167375234,9376.080683167762,
00JULI,1.0,8262.257013207685,8276.024505169462,
00LARI,1.0,8330.827970259625,8341.876132736335,
00LAYO,1.0,8441.272235088287,8451.863752360043,
00LIMA,26.0,8671.412558461478,8671.412558461478,
00LUYA,5.0,9318.616594432111,9321.632231365542,
00MACA,1.0,8305.022621337406,8312.2364515045,
00MALA,5.0,8604.96384995312,8614.523511173074,
00MANU,6.0,8637.813378929197,8673.6198067103,
00MARA,5.0,8482.154970038546,8497.944315169094,
00MATO,2.0,9010.73376371253,9015.817615392387,
00MITO,3.0,8693.565987473168,8695.497604036676,
00MOHO,9.0,8368.121260563095,8381.799849277399,
00MORO,3.0,8989.266286763339,8995.01892817269,
00MOYA,2.0,8638.591902154812,8645.010494074051,
00NAPO,9.0,9742.441919190216,9838.122125652959,
00OBAS,5.0,8919.509912243904,8927.888319524911,
00OMAS,,8624.773695671467,8633.477126685624,
00OMIA,9.0,9292.7200976482,9301.698228081477,
00OYON,7.0,8821.929383587727,8846.676645071904,
00PACA,2.0,8718.453676100047,8724.211425392754,
00PIAS,1.0,9130.920603334236,9134.374271018072,
00PION,4.0,9315.565582481284,9318.865978367105,
00PIRA,2.0,8944.610019887876,8962.739600309069,
00PUNO,15.0,8301.082006528879,8312.500032732636,
00PUSI,1.0,8350.493116016789,8358.26615814045,
00SAMA,3.0,8060.114867181513,8080.7811383124845,
00SAÑA,5.0,9233.363181448805,9248.344924131474,
00SAÑO,1.0,8691.26625563447,8693.796088559357,
00SEXI,1.0,9270.974043383107,9277.971206176371,
00SINA,1.0,8460.158769884625,8482.722409955388,
00SUPE,7.0,8806.88783980328,8816.160587395776,
00SUYO,10.0,9502.803872629187,9524.219151229681,
00TAPO,6.0,8750.333808121273,8751.304862182726,
00TATE,4.0,8445.991528804772,8447.553971782667,
00TORO,,8327.94143395002,8346.749945625575,
00TUPE,1.0,8605.39978670346,8617.772885844914,
00TUTI,1.0,8330.40095739046,8339.15064006552,
00UTCO,1.0,9240.329808002136,9243.943140939065,
00UÑON,,8294.994180979187,8300.07489531697,
00VICE,5.0,9397.373028002283,9402.556435969056,
00VIRU,11.0,9072.879537142548,9097.622590688285,
00YURA,2.0,8264.110471040725,8283.217089986882,
0ACARI,1.0,8314.053213511837,8336.01381103353,
0ACCHA,1.0,8493.868608554369,8501.129332066388,
0ACORA,20.0,8268.391974090164,8301.228069263536,
0AHUAC,2.0,8677.498583391245,8680.461028581598,
0AMBAR,2.0,8812.726774406605,8823.381853548628,
0ANCON,4.0,8700.396412027794,8702.70342418965,
0APATA,5.0,8714.710090561035,8747.12088234965,
0APLAO,2.0,8260.31796078524,8285.544597156848,
0AQUIA,3.0,8897.140766599105,8915.077313121514,
0ARAPA,3.0,8387.67538168591,8402.167971915324,
0ATICO,1.0,8240.721369240244,8281.959840917707,
0AYAVI,2.0,8496.949823528166,8504.905582586485,
0BAGUA,13.0,,,
0BAÑOS,1.0,8888.779063376602,8896.417893292142,
0BELEN,8.0,9540.212454375223,9625.557416438829,
0BREÑA,3.0,8670.574589694425,8670.574589694425,
0CACRA,2.0,8600.733397452057,8609.879717359416,
0CAJAY,2.0,8973.162366335204,8986.319691874953,
0CALCA,3.0,8573.198563975287,8582.696590783025,
0CANIS,1.0,8860.665066746647,8861.683258118812,
0CANTA,3.0,8737.735894170544,8744.878791806606,
0CARAZ,8.0,9001.34741959258,9007.621803180244,
0CASCA,1.0,9024.887986916556,9028.311582741993,
0CASMA,5.0,8946.400619168136,8956.966328391964,
0CASTA,2.0,,,
0CATAC,1.0,8906.416377923875,8930.707216185912,
0CAYMA,6.0,8241.139263099782,8246.635006598923,
0CAYNA,3.0,8877.099644641075,8886.980145915952,
0CCAPI,2.0,8505.267348190244,8514.776568995789,
0CHACA,1.0,,,
0CHALA,1.0,8273.848234967596,8286.265740059205,
0CHETO,1.0,9305.79419683445,9309.7907592659,
0CHOCO,1.0,8337.104387474368,8362.917780258176,
0CHOTA,32.0,9274.161304327108,9284.211284382245,
0CHUPA,4.0,8387.904324763782,8397.046002253444,
0CIRCA,4.0,8487.304852273342,8503.350577956444,
0COASA,6.0,8513.76281716484,8547.347112689165,
0COATA,3.0,8339.2809067163,8344.197907687743,
0COCAS,1.0,8544.606134854013,8553.432169634109,
0COLAN,1.0,9454.077480770204,9457.715285646598,
0COLCA,4.0,8589.338253118904,8658.124471635521,
0COLTA,1.0,8352.168010874007,8367.999449914852,
0COMAS,32.0,8717.197219366715,8738.203752156891,
0CORIS,3.0,8916.95470320485,8924.07844063668,
0COSME,3.0,,,
0CUMBA,9.0,9344.64792900348,9360.612545941933,
0CUSCA,4.0,9055.59284485753,9061.939877226703,
0CUSCO,7.0,8543.486629854448,8552.043886691608,
0FRIAS,9.0,9444.295863612433,9444.657899056061,
0FRÍAS,,9452.585071507798,9468.752579486143,
0HUARA,,8778.38589931928,8784.209831575348,
0HUARI,5.0,8973.415989055968,8984.79541727988,
0HUARO,2.0,8521.383049612077,8528.967878610281,
0HUASO,7.0,9087.665604047937,9095.411646820136,
0HUATA,3.0,8622.243555152858,9006.888667188505,
0HUAYA,,8487.477674445256,8494.64923597931,
0HUAYO,3.0,9114.352581849062,9118.941974194651,
0HUMAY,4.0,8492.699194100804,8500.122246907635,
0ILAVE,19.0,8272.464585109024,8296.84796255125,
0IMAZA,39.0,9445.82048940369,9492.048415990263,
0IPARI,,8971.300749323254,8971.300749323254,
0ISLAY,1.0,8158.706161113387,8167.0272789389055,
0JAQUI,1.0,8311.299527199411,8322.591547406888,
0JAUJA,1.0,8710.320401945493,8711.095689789272,
0JAZAN,1.0,9342.976591090694,9345.655496634385,
0JESUS,7.0,8927.043770403252,9201.383368841194,
0JIVIA,,8895.70032028021,8900.192322952103,
0JUNIN,3.0,8778.947836361656,8797.455083109526,
0JUNÍN,,8777.89467219649,8794.150440873289,
0LAJAS,15.0,9274.005950158678,9281.856705170523,
0LAMAS,4.0,9296.606934590516,9301.91094404127,
0LAMAY,4.0,8566.302565111162,8572.653705576851,
0LAMPA,9.0,8352.470860934722,8372.161893744978,
0LAMUD,2.0,9324.804107959193,9329.120484262943,
0LANGA,2.0,8662.250534397022,8667.245638547534,
0LARES,5.0,8590.904828884502,8604.477620683463,
0LARIA,2.0,8626.733224044025,8630.019591916234,
0LINCE,2.0,8667.919752848033,8667.919752848033,
0LLAMA,10.0,9212.270197308142,9287.095647928532,
0LLAPA,7.0,9232.493126055915,9242.542830432976,
0LLAPO,1.0,9059.234012677316,9060.55201273169,
0LLATA,4.0,8944.549778799481,8952.14647291015,
0LLIPA,1.0,8855.735671661454,8860.31651296776,
0LLUTA,3.0,8272.773504730685,8287.477141490426,
0LOMAS,1.0,8302.541656429801,8306.291120834738,
0LUCMA,8.0,9108.730975140621,9164.55267877116,
0LUCRE,5.0,8506.680927290328,8541.526710846307,
0LURIN,6.0,8648.942513136773,8654.05719183204,
0MACHE,3.0,9111.35220300143,9113.910257161373,
0MAJES,5.0,8228.953575472522,8256.648968650745,
0MANAS,1.0,8830.740640702576,8837.311603486996,
0MANTA,3.0,8620.188157090779,8627.262638895987,
0MARAS,2.0,8560.904775569179,8567.54441646249,
0MARCA,1.0,8885.02395424351,8892.839237841035,
0MARCO,1.0,8710.859924192353,8713.04291307819,
0MARIA,1.0,9284.133641618793,9289.903068675512,
0MASIN,2.0,8970.278304340174,8974.651684670056,
0MASMA,2.0,8709.353791492527,8712.681147318417,
0MAZAN,7.0,9654.639604714883,9676.353369609504,
0MEJIA,1.0,8150.208484680827,8152.769781228455,
0MOCHE,7.0,9096.1958015542,9099.347328156817,
0MUQUI,1.0,8703.04224353525,8704.209124743607,
0MUSGA,1.0,9018.338288793573,9021.033964942799,
0NAUTA,8.0,9524.238752027857,9558.441294161988,
0NAVAN,1.0,8800.400466879495,8810.29229135387,
0NAZCA,4.0,8373.964645144768,8387.686934681104,
0NIEVA,22.0,9475.42493003409,9510.893051107238,
0NUÑOA,6.0,8463.457501125473,8492.015490196754,
0OCAÑA,3.0,8427.263193734212,8453.882318925005,
0OCOYO,1.0,8465.996066065269,8470.750900180981,
0OCOÑA,3.0,8217.939069492271,8236.744697540267,
0OCROS,7.0,8669.740301171638,8863.186262629282,
0OLMOS,19.0,9348.69128994528,9380.954472812773,
0OMATE,2.0,8204.367237456767,8212.232944243766,
0ONGON,2.0,9099.870272230168,9109.813901073368,
0ONGOY,9.0,8541.075815162818,8547.025566800648,
0OTOCA,3.0,8415.686668638675,8427.033982566552,
0OYOLO,2.0,8360.554148766263,8381.19824063354,
0PAICO,2.0,8475.241176721069,8483.680137335446,
0PAITA,7.0,9426.830749519308,9436.905964356669,
0PALCA,19.0,8395.41662068004,8769.629727058053,
0PALPA,5.0,8409.203679875647,8419.66899732278,
0PANAO,5.0,8894.622511032605,8920.758230860267,
0PARAS,6.0,8527.290445342753,8543.024385479079,
0PARCO,2.0,8704.896105941683,8707.874782168732,
0PATAZ,5.0,9143.712869183826,9160.647796877576,
0PAUSA,3.0,8334.902109774712,8341.531396340939,
0PAZOS,6.0,8658.05391568654,8665.785267762272,
0PEBAS,7.0,9652.336364500621,9705.620273381937,
0PHARA,3.0,8506.100462726377,8524.31403301994,
0PICSI,2.0,9255.235268926772,9257.358166680553,
0PINRA,3.0,9016.453949780738,9026.393071323751,
0PISAC,4.0,8558.506017607051,8566.538043052014,
0PISCO,5.0,8493.409161430553,8494.985204245191,
0PIURA,11.0,9434.456980625204,9450.760706634583,
0POCSI,2.0,8218.516161328724,8223.467922480908,
0PONTO,3.0,8972.041418113946,8978.600158464993,
0POROY,1.0,8545.519367468729,8547.576828101935,
0POSIC,1.0,9340.027568390702,9343.68604072268,
0PULAN,4.0,9254.145887584169,9259.25928457169,
0PULLO,4.0,8330.608496460503,8349.643146952245,
0PURUS,8.0,8954.869573277932,9008.16735522974,
0PUYCA,1.0,8383.69478543546,8411.344433092114,
0PUÑOS,3.0,8953.540625321595,8961.611863723167,
0RECTA,1.0,9344.740266072175,9346.879135300323,
0REQUE,3.0,9239.729160114795,9243.489627899551,
0RIMAC,15.0,8673.660084089934,8673.660084089934,
0RIOJA,7.0,9333.34972842584,9340.66474017989,
0RIPAN,3.0,8920.0387366076,8927.011041751797,
0ROBLE,1.0,,,
0SAISA,1.0,8365.206471598443,8381.70249262746,
0SALAS,13.0,8804.702714202438,9343.96200530525,
0SALPO,4.0,9112.50705721654,9118.27681357284,
0SAMAN,7.0,8367.90806395531,8377.760687734823,
0SANTA,6.0,9005.397285071884,9007.595054602021,
0SARIN,5.0,9125.464297052473,9133.476827862098,
0SAUCE,2.0,9266.557843697463,9270.847374700346,
0SAUSA,1.0,8707.784830900617,8708.512082795245,
0SAYAN,8.0,8765.548457321542,8789.441554118925,
0SAYLA,,8332.483905995,8337.396690022775,
0SINGA,4.0,8966.82135106442,8973.202388058296,
0SIVIA,7.0,8632.237448661146,8646.937568090754,
0SOCOS,5.0,8559.404974128027,8563.955904040919,
0SORAS,1.0,8455.917149345278,8467.817508258611,
0SUCRE,3.0,9225.251762861446,9233.447844271777,
0SURCO,1.0,8692.07829352655,8696.937140999597,
0TACNA,16.0,8058.303161069641,8116.04611038859,
0TAMBO,7.0,8553.458895931957,8600.651917549763,
0TANTA,1.0,8669.751283200105,8675.753631128822,
0TAPAY,1.0,8331.340768964643,8353.244035678264,
0TAPOI,,8750.907611167091,8756.03431282756,
0TAPUC,3.0,8854.300334907608,8859.717370957624,
0TARAY,3.0,8551.17803253167,8554.831021197042,
0TARMA,11.0,8744.856081386328,8753.960105000333,
0TAUCA,2.0,9066.032591289837,9074.594488076356,
0TIGRE,5.0,9646.990581877362,9772.499580878939,
0TINCO,1.0,8977.244714430792,8978.891612444251,
0TINGO,2.0,9295.164887690007,9302.028511100196,
0TINTA,1.0,8478.275455322917,8483.501371485883,
0TIPAN,,8295.835320968356,8299.289453118781,
0TISCO,3.0,8362.144483486885,8386.95472693259,
0TOMAS,2.0,8665.241599437435,8677.109828673467,
0TOTOS,3.0,8517.9769816021,8524.335411133665,
0TRITA,2.0,9319.95288746383,9321.571851073659,
0TUMAN,2.0,9250.906203925353,9258.082766704569,
0TURPO,7.0,8501.430856794987,8507.182852142647,
0UMARI,4.0,8917.366304308976,8921.973757871012,
0URACA,1.0,8236.517170705794,8244.993602356752,
0URCOS,1.0,8529.268166064838,8535.597997094581,
0URPAY,2.0,9079.532667774889,9086.443430354957,
0VICCO,3.0,8806.652375949496,8813.89630135548,
0VILCA,4.0,8628.856302604163,8639.348783515941,
0VITIS,1.0,8665.86483369438,8671.453442809065,
0VITOC,3.0,8770.448708494276,8776.751011416512,
0VITOR,2.0,8213.477534271418,8243.303540109591,
0VIÑAC,2.0,8584.095413083558,8589.503838122546,
0YACUS,3.0,,,
0YAMON,6.0,9336.178017973692,9342.240011815928,
0YANAC,1.0,9048.295391512604,9049.436436207061,
0YANAS,1.0,8930.851253686145,8937.612187467248,
0YAUCA,1.0,8290.1490226833,8297.247735301433,
0YAULI,26.0,8659.149513508875,8725.009270879453,
0YAUYA,5.0,9007.609979753264,9013.171360952798,
0YONAN,5.0,9197.177554077382,9204.543600448733,
0YUCAY,1.0,8566.24783375774,8570.72959388009,
0YUNGA,1.0,8256.9581090737,8263.8975800155,
0YUPAN,1.0,9047.38346012561,9048.932185782396,
0YURUA,3.0,8962.026863212863,8989.42122977216,
ABANCAY,14.0,8522.06584198562,8529.108301212578,
ABELARDO PARDO LEZAMETA,1.0,8864.529791340836,8865.105430240661,
ACCOMARCA,3.0,8495.997458073633,8499.450093192268,
ACHAYA,1.0,8371.057680146434,8379.040964733478,
ACHOMA,1.0,8295.85523696919,8310.956165035928,
ACOBAMBA,10.0,8733.084582089517,9088.405718224443,
ACOBAMBILLA,6.0,8609.356884325462,8621.861192760296,
ACOCHACA,2.0,8996.374929154796,9000.71702961993,
ACOCRO,5.0,8553.309747777083,8562.811892877002,
ACOLLA,7.0,8720.830933738722,8730.245119538944,
ACOMAYO,1.0,8505.114918047982,8512.666553230996,
ACOPAMPA,1.0,8974.412723322106,8975.792067680533,
ACOPIA,1.0,8488.047476865935,8490.316477984561,
ACORIA,28.0,8621.188373697865,8637.444795896437,
ACOS VINCHOS,3.0,8567.855983501902,8577.68273408233,
ACOSTAMBO,3.0,8640.039304909957,8649.070630447797,
ACRAQUIA,2.0,8643.256701924234,8648.338995932561,
AGALLPAMPA,10.0,9120.534620892773,9128.118506684841,
AGUA BLANCA,2.0,9262.285047601968,9266.708329302766,
AGUAS VERDES,4.0,9611.439487197706,9616.217551772468,
AHUAYCHA,4.0,8639.240495705848,8654.5544518194,
AJOYANI,1.0,8487.27759898318,8500.246596227098,
ALBERTO LEVEAU,2.0,9269.614448275539,9272.551556789113,
ALCAMENCA,3.0,8510.645643536263,8512.846462942041,
ALEXANDER VON HUMBOLDT,2.0,,,
ALFONSO UGARTE,1.0,9066.537458148445,9069.938226640732,
ALLAUCA,2.0,,,
ALONSO ALVARADO,,9320.718730693172,9330.522999216264,
ALONSO DE ALVARADO,5.0,9305.10542217079,9317.855780528374,
ALTO BIAVO,6.0,9165.089518339326,9205.952637843142,
ALTO DE LA ALIANZA,4.0,8068.007482584882,8071.660646185875,
ALTO INAMBARI,6.0,8514.446585063417,8529.128492336828,
ALTO LARAN,3.0,8526.070997152397,8537.927727375733,
ALTO NANAY,4.0,9613.391021057863,9686.275985577555,
ALTO PICHIGUA,1.0,8414.551618232817,8424.744961089264,
ALTO SAPOSOA,3.0,9262.086459793754,9296.953849670055,
ALTO SELVA ALEGRE,7.0,8234.818137504732,8239.714418196574,
ALTO SOPOSOA,,9295.940187649061,9295.940187649061,
ALTO TAPICHE,3.0,9296.380289021045,9354.298083446909,
AMANTANI,2.0,,,
AMARILIS,6.0,8907.360185598243,8914.034982185536,
AMASHCA,2.0,8981.916374081029,8983.836625366215,
AMOPTAPE,,9462.008702563582,9462.008702563582,
AMOTAPE,2.0,9460.959739409122,9468.652284288512,
ANANEA,3.0,8438.496452855565,8456.090253997496,
ANAPIA,1.0,,,
ANCAHUASI,1.0,8546.566532324861,8550.545662574954,
ANCHIHUAY,2.0,,,
ANCHONGA,7.0,8591.045765664148,8596.658620899754,
ANCO HUALLO,5.0,,,
ANCO-HUALLO,,8527.474321391655,8530.704052917961,
ANCO_HUALLO,,8526.018088954856,8529.743597786795,
ANDABAMBA,5.0,8733.747774291422,9263.691191186039,
ANDAGUA,2.0,8325.165218468974,8333.44379457155,
ANDAHUAYLAS,8.0,8507.875701419309,8518.59080589246,
ANDAHUAYLILLAS,1.0,8528.800223751383,8536.852679979116,
ANDAJES,1.0,8813.762382403782,8822.113006186491,
ANDAMARCA,4.0,8725.066828985859,8739.508049719623,
ANDARAPA,1.0,8531.113182774592,8538.891281618859,
ANDARAY,,8282.869637815687,8303.673428258751,
ANDAYMARCA,3.0,,,
ANDOAS,7.0,,,
ANDRES AVELINO CACERES D.,3.0,,,
ANGASMARCA,1.0,9099.622601408439,9107.03934472036,
ANGUIA,5.0,9299.092591923229,9303.610346206277,
ANTABAMBA,4.0,8430.722365167809,8444.013949708118,
ANTAUTA,2.0,8465.693509430022,8484.871963379554,
ANTIOQUIA,2.0,8672.724094024014,8676.869763029397,
ANTONIO RAIMONDI,1.0,,,
ANTONIO RAYMONDI,,8874.915347895922,8879.226407637127,
APARICIO POMARES,3.0,8930.311655387257,8934.940751260288,
APONGO,1.0,8466.559921341906,8474.701256040038,
APURIMAC,,8508.002093782972,8508.002093782972,
ARAHUAY,2.0,8718.287815932375,8722.64255991969,
ARAMANGO,19.0,9402.082054132303,9425.324130920866,
ARANCAY,1.0,8993.823087921208,9003.551606528006,
ARENAL,1.0,9458.053175024357,9458.753472284568,
AREQUIPA,7.0,8229.988888479438,8229.988888479438,
ASCENCION,,8594.84277472523,8606.881825461373,
ASCENSION,2.0,8597.045844087892,8605.997052682435,
ASCOPE,2.0,9144.59673609238,9146.499803695853,
ASILLO,3.0,8423.483178660581,8441.6372237902,
ASNTIAGO,,8434.727792795446,8434.727792795446,
ASQUIPATA,3.0,8464.260926422645,8469.836483316107,
ASUNCION,4.0,9199.717080208435,9341.49389215391,
ATAQUERO,1.0,8976.159795588897,8978.655236421268,
ATAURA,1.0,8707.716320027044,8708.357504989077,
ATAVILLOS ALTO,5.0,8758.64730423058,8766.852317898953,
ATAVILLOS BAJO,4.0,8750.410740580699,8757.520796336643,
ATIQUIPA,2.0,8274.386097131264,8292.834531799303,
ATUNCOLLA,1.0,8322.736133709977,8329.050339999358,
AUCALLAMA,4.0,8726.743867953865,8746.945072198394,
AUCARA,4.0,8451.57581973395,8470.520834266606,
AURAHUA,1.0,8577.692672328687,8591.70222388291,
AWAJUN,4.0,9362.427468942453,9374.35451451927,
AYABACA,30.0,9486.07883941216,9507.306492077623,
AYACUCHO,12.0,8566.48379535416,8574.109918190004,
AYAHUANCO,5.0,8641.991202531874,8670.010725226213,
AYAHUANDO,,8629.700702858068,8629.700702858068,
AYAPATA,4.0,8538.537253826911,8594.537414262839,
AYAUCA,,8612.59008895206,8631.08308418582,
AYAVIRI,6.0,8438.276981572966,8642.01836948017,
AZANGARO,5.0,8428.494360195305,8575.860335857662,
BAGUA GRANDE,30.0,9353.761252791484,9372.653426338895,
BAJO BIAVO,10.0,9216.19627302427,9228.685330175435,
BALSAPUERTO,17.0,9368.71894821312,9400.902816383836,
BALSAS,3.0,9246.1253117336,9256.330205029904,
BAMBAMARCA,37.0,9243.146360490266,9273.528412700822,
BAMBAS,1.0,9049.088656351472,9052.478942879534,
BARRANCA,10.0,9162.010004356023,9488.441845326874,
BARRANCO,2.0,8661.042464243348,8661.042464243348,
BARRANQUITA,7.0,9314.78786147862,9329.93028338035,
BELLA UNION,1.0,8311.989745690444,8340.60556452982,
BELLAVISTA,38.0,9319.516519537694,9457.608174735997,
BELLAVISTA DE LA UNION,2.0,9398.09562990646,9399.253326111862,
BERNAL,1.0,9394.59787299531,9397.727251589145,
BOLIVAR,3.0,9209.340100399715,9230.516350768676,
BOLOGNESI,2.0,9078.235885165837,9081.95228545598,
BUENA VISTA ALTA,3.0,8961.89666475966,8968.348630596098,
BUENOS AIRES,9.0,9313.055918590768,9424.757095191617,
BUILDIBUYO,,9100.931863385003,9105.280703006998,
BULDIBUYO,4.0,,,
CABANA,6.0,8607.095458888818,9075.732068897994,
CABANACONDE,2.0,8307.403424639664,8314.783350812431,
CABANILLA,3.0,8332.130236515462,8343.572392493597,
CABANILLAS,4.0,8304.632505779922,8339.909943678696,
CACARI,,8301.056840158102,8301.056840158102,
CACATACHI,1.0,9291.79841242282,9295.44257790675,
CACERES DEL PERU,3.0,9008.92381331629,9019.626020016718,
CACHACHI,9.0,9164.027966292435,9183.581552486961,
CACHICADAN,1.0,9111.260509231814,9123.53491614144,
CACHIMAYO,1.0,8548.387371257288,8551.614371932847,
CAHUAC,1.0,8915.024700441256,8917.9449559716,
CAHUACHO,3.0,8315.229568157472,8324.040699317256,
CAHUAPANAS,7.0,9427.50133069789,9469.471014667422,
CAICAY,2.0,8542.185411110057,8551.405695500001,
CAIRANI,2.0,8153.0539904417565,8166.787643333703,
CAJABAMBA,5.0,9156.735251001403,9162.034049063945,
CAJACAY,3.0,8877.376860734023,8880.922557182408,
CAJAMARCA,28.0,9211.177984632957,9233.307681054263,
CAJAMARQUILLA,1.0,8859.547860787336,8865.658144443094,
CAJARURO,27.0,9367.186169566214,9387.568557775245,
CAJATAMBO,1.0,8843.828693067107,8859.442202470065,
CALAMARCA,5.0,9100.886313659354,9108.94501001953,
CALANA,2.0,8072.052620942773,8075.602097977344,
CALANGO,1.0,8623.943115718665,8641.036698793472,
CALAPUJA,1.0,8363.605333681431,8368.808471407361,
CALETA DE CARQUIN,1.0,8775.679716803945,8776.016378683138,
CALLAHUANCA,1.0,8698.008199221842,8700.974641670282,
CALLALLI,2.0,8331.953886584752,8362.275970266353,
CALLANMARCA,1.0,8592.398826209846,8594.69672747863,
CALLAO,51.0,8676.356654460567,8682.833027048926,
CALLAYUC,18.0,9319.281188925619,9333.342108803896,
CALLERIA,59.0,9101.02322036333,9156.206322471626,
CALLERÍA,,9098.562094457035,9156.210713437007,
CALQUIS,3.0,9233.66360736588,9239.215724737734,
CALZADA,2.0,9340.066783980623,9343.43631700859,
CAMANA,1.0,8193.988638743174,8195.827319308297,
CAMANTI,1.0,8586.057824147885,8605.665613646452,
CAMILACA,1.0,8152.729021268672,8174.003005778691,
CAMINACA,2.0,8365.00763660077,8372.159547249794,
CAMPANILLA,7.0,9168.854299370443,9183.864156945952,
CAMPORREDONDO,5.0,9325.106947391532,9340.471257238822,
CAMPOVERDE,24.0,9077.669853744705,9105.476385634025,
CANARIA,4.0,8478.175351970207,8485.476791856525,
CANAYRE,3.0,,,
CANCHABAMBA,2.0,9023.44348516055,9031.873080378171,
CANCHAQUE,7.0,9410.812012264321,9423.107394181554,
CANCHAYLLO,1.0,8694.703808122817,8709.00001745498,
CANDARAVE,4.0,8172.488026259551,8199.945584880154,
CANGALLO,6.0,8517.632842432322,8525.747543989119,
CANOAS DE PUNTA SAL,3.0,,,
CAPACHICA,6.0,8331.124532780928,8345.988643396888,
CAPACMARCA,2.0,8488.790497308506,8495.28825078715,
CAPASO,5.0,8168.9463638942525,8183.22103851099,
CAPAYA,3.0,8465.151289699328,8470.505850855949,
CAPAZO,,8171.1599223469075,8187.94906372974,
CAPELO,2.0,9426.585466389992,9446.37287815656,
CAPILLA,,8536.400529639754,8538.369591686327,
CAPILLAS,1.0,8538.668741643796,8547.96213645746,
CAQUIBAMBA,,8530.754850525545,8530.754850525545,
CARABAMBA,3.0,9100.836971439747,9106.689209403514,
CARABAYLLO,13.0,8696.08164584809,8707.614473910871,
CARACOTO,3.0,8338.752342801663,8349.231445384665,
CARAMPOMA,1.0,8720.476192777087,8730.03587595337,
CARANIA,1.0,8641.279968222825,8646.629461785624,
CARAPO,4.0,8492.67675556374,8500.132857554276,
CARAVELI,1.0,8281.419693552032,8290.053505892425,
CARAYANI,,8411.087308647413,8411.087308647413,
CARAYBAMBA,2.0,8433.960844010815,8442.607539864279,
CARHUACALLANGA,1.0,8647.074853704735,8648.047312595818,
CARHUAMAYO,1.0,8802.198674866831,8810.972840189434,
CARHUANCA,1.0,8503.899878858436,8507.840980714538,
CARHUAPAMPA,1.0,8842.819399087226,8846.702777741088,
CARHUAZ,8.0,8974.575908771521,8982.482916396115,
CARMEN ALTO,4.0,8559.007993242723,8563.246149350305,
CARMEN DE LA LEGUA REYNOSO,,8672.003281199748,8672.003281199748,
CARMEN DE LA LEGUA-REYNOSO,4.0,,,
CARMEN SALCEDO,1.0,8425.944027536407,8438.222644837932,
CARUHUAMAYO,,8801.632674614037,8801.632674614037,
CARUMAS,3.0,8205.134263884027,8233.658695624186,
CASA GRANDE,4.0,9147.924357698892,9157.476967617346,
CASAGRANDE,,9150.87543211594,9150.87543211594,
CASCAPARA,1.0,8973.127834737565,8981.945766190562,
CASCAS,5.0,9170.05242406966,9179.765170379691,
CASHAPAMPA,2.0,9052.501792584217,9057.189458819006,
CASITAS,3.0,9553.939119889088,9574.558861608588,
CASPISAPA,,9238.586332128309,9241.085684707285,
CASPIZAPA,1.0,,,
CASTILLA,17.0,9429.32495997907,9447.788612147615,
CASTILLO GRANDE,1.0,,,
CASTROVIRREYNA,4.0,8556.25538196914,8585.64176307351,
CATACAOS,12.0,9404.708320286662,9419.567843834604,
CATACHE,7.0,9251.065240465812,9263.530915817973,
CATAHUASI,1.0,8597.410583670086,8604.05846162921,
CATILLUC,2.0,9246.027957695887,9252.390714523615,
CAUJUL,1.0,8813.184553177154,8817.758159748822,
CAYALTI,3.0,9235.148695003567,9237.316124946929,
CAYARA,1.0,8497.444714751467,8500.861903016006,
CAYARANI,2.0,8388.35466055744,8420.18986089117,
CAYLLOMA,2.0,8369.981606687063,8403.551688091642,
CAYNARACHI,9.0,9318.003190732647,9330.806820882392,
CAÑARIS,10.0,9329.817070496882,9336.636713988246,
CCARHUAYO,1.0,8544.954772118175,8553.017787886763,
CCATCA,6.0,8538.045056159059,8553.73009921207,
CCOCHACCASA,1.0,8586.266798265668,8592.14376778403,
CCORCA,1.0,8534.652376972688,8540.5185042528,
CELENDIN,5.0,9247.816636491,9269.810040890987,
CELENDÍN,,9244.280927591004,9244.382565387687,
CERRO AZUL,,8569.21271921369,8579.884569120693,
CERRO COLORADO,12.0,8232.849731953727,8238.572884339515,
CHACABAMBA,,8911.271533902103,8912.677882130662,
CHACAPALPA,1.0,8714.161810683667,8721.990031767042,
CHACAPAMPA,3.0,8645.784391006,8651.704273352918,
CHACAS,1.0,8989.936880479961,8994.426941432981,
CHACAYAN,5.0,8847.814180535612,8864.249222442848,
CHACCHO,1.0,9003.392364412504,9011.077477291181,
CHACHAPOYAS,28.0,9310.534739369605,9315.246206308022,
CHACHAS,1.0,8367.873030957942,8398.067387402025,
CHACLACAYO,7.0,8680.332650625653,8682.053409479498,
CHACOCHE,3.0,8486.016470247607,8495.104884050475,
CHADIN,5.0,9287.202025516754,9292.947682071099,
CHAGLLA,3.0,8926.503709338001,8940.30868251696,
CHALACO,7.0,9438.859507755544,9445.2310486067,
CHALAMARCA,13.0,9279.37825356061,9286.022085204018,
CHALCOS,1.0,8492.60592447975,8494.474965052543,
CHALHUANCA,3.0,8445.760032290318,8455.6710291527,
CHALLABAMBA,3.0,8588.89297927045,8607.696667295071,
CHALLHUAHUACHO,9.0,8469.931806267548,8481.167784914116,
CHAMACA,5.0,8454.157583085254,8471.025746223533,
CHAMBARA,4.0,8684.693075847887,8691.223888880668,
CHANCAY,10.0,8908.579037703103,9184.021029726155,
CHANCAYBAÑOS,6.0,9273.17883559119,9277.687191289859,
CHANCHAMAYO,6.0,8794.035779738902,8807.643182729587,
CHANGUILLO,4.0,8383.157700731426,8394.54986313055,
CHAPARRA,2.0,8276.134725128808,8290.641192094858,
CHAPIMARCA,4.0,8480.630250815266,8488.290020399218,
CHARACATO,1.0,8222.990618503165,8226.990067905663,
CHARAT,4.0,9135.581212604053,9141.756680576147,
CHARCANA,,8345.618678884946,8350.892469029914,
CHAUPIMARCA,4.0,8823.965278003387,8826.442543131534,
CHAVIN,1.0,8563.091055105268,8571.095645271802,
CHAVIN DE HUANTAR,4.0,8941.044686923413,8953.343564274815,
CHAVIN DE PARIARCA,2.0,8962.080840887458,8969.082999084801,
CHAVINILLO,5.0,8919.355560072385,8927.969645652905,
CHAVIÑA,1.0,8368.950802880727,8387.139645693926,
CHAZUTA,8.0,9280.308384571272,9287.817261011023,
CHECACUPE,1.0,8497.440052284712,8516.393703797927,
CHECCA,2.0,8440.98508960283,8453.467366757994,
CHECRAS,1.0,8797.704888819138,8805.27464012357,
CHEPEN,2.0,9196.120165175553,9207.504674163836,
CHETILLA,1.0,9208.903939379561,9214.782732556276,
CHIARA,8.0,8528.31071385431,8558.33396446784,
CHICAMA,2.0,9138.941703208553,9157.803050881836,
CHICCHE,3.0,8653.668774583784,8656.260895329038,
CHICHAS,,8311.48103324993,8322.187596936383,
CHICLA,3.0,8713.487266437063,8724.393445773494,
CHICLAYO,17.0,9248.753741504468,9250.06952394857,
CHIGUATA,2.0,8234.272606788336,8243.954375803025,
CHIGUIRIP,6.0,9289.484344510303,9292.127380952697,
CHILCA,9.0,8635.062643831032,8681.552322424104,
CHILCAS,2.0,8566.495333487803,8571.287005358528,
CHILCAYMARCA,2.0,8342.166895580385,8348.869092182114,
CHILCAYOC,1.0,8487.973444235253,8489.271593290861,
CHILETE,2.0,9196.756080576804,9200.87763062434,
CHILIQUIN,4.0,9329.378834195863,9336.635744067105,
CHILLIA,5.0,9100.348890220772,9109.93024898448,
CHIMBAN,4.0,9305.787234847112,9310.378570235976,
CHIMBOTE,20.0,9010.50010508671,9037.463548221835,
CHINCHA ALTA,4.0,8524.382338017547,8526.735954859514,
CHINCHA BAJA,3.0,8515.91277469139,8522.167191246324,
CHINCHAO,4.0,8937.843811656667,8957.850748436811,
CHINCHAYPUJIO,2.0,8530.574660316948,8537.93274998023,
CHINCHERO,2.0,8554.573798008792,8558.705370762182,
CHINCHEROS,6.0,8527.401574538964,8530.634650260723,
CHINCHIHUAS,,8634.645508810336,8646.486392834897,
CHINCHIHUASI,4.0,8636.493390447447,8650.141592533722,
CHINCHO,2.0,8582.590812708448,8591.963359026033,
CHINGALPO,2.0,9076.850067328782,9082.415308157228,
CHINGAS,1.0,8994.127517917412,8996.11689033171,
CHIPAO,4.0,8426.288971417087,8444.142973151136,
CHIPURANA,3.0,9305.077117391238,9310.559809209644,
CHIQUIAN,2.0,8880.473525936379,8888.92315323653,
CHIRIMOTO,5.0,9277.905719621502,9286.386870595616,
CHIRINOS,8.0,9412.060603477981,9423.910321425537,
CHISQUILLA,1.0,9350.83040805122,9357.779265431942,
CHIVAY,3.0,8313.685546924262,8325.973470726809,
CHOCHOPE,1.0,9317.942207131147,9319.767459136616,
CHOCOPE,3.0,9158.137166939981,9317.268721479644,
CHOCOS,1.0,8582.147810724162,8589.141041966534,
CHOJATA,2.0,8233.920100738267,8243.698066304687,
CHOLON,5.0,9046.693974275067,9073.884685336354,
CHONGOS ALTO,1.0,8638.377906929129,8652.341682066814,
CHONGOS BAJO,2.0,8666.32276353859,8672.78752179588,
CHONGOS BAJOS,,8663.49734434624,8669.291495156414,
CHONGOYAPE,3.0,9261.802229237426,9273.275646579314,
CHONTABAMBA,6.0,8833.42288355566,8842.73158924502,
CHONTALI,4.0,,,
CHONTALÍ,,9373.709728710115,9388.01610749636,
CHORAS,2.0,8910.825834646284,8913.87080357912,
CHOROPAMPA,4.0,9293.363189216332,9303.835616779856,
CHOROS,4.0,9342.838554362854,9359.201487484224,
CHORRILLOS,26.0,8656.680166939363,8657.596973605167,
CHUCATAMANI,,8123.852254865485,8125.510815389657,
CHUCUITO,4.0,8303.540376233363,8314.675283772576,
CHUGAY,6.0,9138.240332170246,9156.433201392818,
CHUGUR,3.0,9261.232618112374,9266.121504062972,
CHULUCANAS,11.0,9434.797702676808,9450.263141373247,
CHUMPI,4.0,8354.231972527212,8363.869896374163,
CHUMUCH,2.0,9273.299839847676,9279.793610244267,
CHUNGUI,6.0,8557.604026835137,8573.43292097221,
CHUPACA,2.0,8678.956674690457,8680.46181141893,
CHUPAMARCA,2.0,8581.930056691059,8597.814550486852,
CHUPURO,2.0,8664.644743775814,8669.16201041569,
CHUQUIBAMBA,4.0,8689.438137529147,9240.724647154202,
CHUQUIBAMBILLA,7.0,8468.311470886145,8482.98567958184,
CHUQUIS,4.0,8937.96284564165,8942.947371011822,
CHURCAMPA,1.0,8613.323519996993,8621.667354033782,
CHURUBAMBA,7.0,8928.253800212891,8951.132818939877,
CHURUJA,1.0,9335.663167055409,9337.960763154488,
CHUSCHI,6.0,8523.943636156499,8538.59691709575,
CIENEGUILLA,3.0,8669.953041946384,8673.823449061743,
CIUDAD NUEVA,3.0,8069.135670181065,8070.480946017472,
COALAQUE,2.0,8209.5696909225,8226.376930122664,
COAYLLO,,8601.224072379411,8618.505525998005,
COCABAMBA,2.0,9268.559421733398,9276.1184714328,
COCACHACRA,5.0,8157.631441335319,8174.040659966218,
COCHABAMBA,13.0,9041.38290278961,9286.93995428064,
COCHAMAL,1.0,9299.158404502385,9304.976423661798,
COCHAMARCA,3.0,8796.1583982387,8810.853124824978,
COCHAPETI,1.0,8897.3037259736,8901.622415023392,
COCHARCAS,3.0,8517.23328038882,8523.214921891036,
COCHAS,5.0,8755.53253431481,8838.162804064394,
COCHORCO,5.0,9136.128860766155,9149.322501178976,
CODO DEL POZUZO,3.0,8938.937716360007,8977.330298830313,
COISHCO,2.0,9001.182210636378,9001.182210636378,
COJATA,3.0,8408.125410187215,8428.70695253595,
COLASAY,7.0,9343.489228358734,9368.47044188973,
COLCABAMBA,10.0,8645.901158201541,8945.35696646031,
COLCAMAR,4.0,9303.875313397473,9306.554852331274,
COLCHA,2.0,8506.469690053194,8511.54667417904,
COLONIA,1.0,8617.80050148423,8627.262745624712,
COLPAS,3.0,8873.425993727245,8886.767683073924,
COLQUEMARCA,5.0,8459.78581809517,8480.423525065555,
COLQUEPATA,5.0,8559.06360706938,8572.738811519535,
COLQUIOC,1.0,8863.565465322232,8869.59020274151,
COMANDANTE NOEL,2.0,8954.385154339716,8964.031783871043,
COMBAPATA,2.0,8487.176718862836,8490.742969892992,
COMBOPATA,,8489.157546198008,8489.157546198008,
CONAYCA,1.0,8629.742940864518,8632.42497361475,
CONCEPCION,3.0,8557.875525832911,8698.704046054534,
CONCHAMARCA,2.0,8894.31915395984,8901.156977395638,
CONCHAN,7.0,9286.02274562573,9290.810003646102,
CONCHUCOS,4.0,9089.285404999586,9102.377653130183,
CONDEBAMBA,5.0,9166.215344232216,9172.794804158206,
CONDORMARCA,1.0,9166.03787933305,9173.758661860076,
CONDOROMA,1.0,8356.838602649801,8374.848281812378,
CONDURIRI,2.0,8232.078448507153,8247.862140905472,
CONGALLA,5.0,8583.148676723651,8591.016589381075,
CONGAS,1.0,8860.554929003049,8865.925753550564,
CONILA,3.0,9320.983189267015,9328.321997400368,
CONIMA,2.0,8356.136992111054,8359.6389118111,
CONSTITUCION,13.0,,,
CONTAMANA,6.0,9182.675760900269,9214.915696656817,
CONTUMAZA,5.0,9186.617305475513,9197.001991237676,
COPALLIN,6.0,,,
COPALLÍN,,9373.665816300465,9377.06573588152,
COPANI,1.0,8258.066592426436,8262.170179957575,
COPARAQUE,,8316.678155544048,8320.859614638799,
COPORAQUE,4.0,8407.767786584316,8433.324537699065,
CORA CORA,,8408.579508129747,8408.579508129747,
CORACOCRA,,8401.817736935125,8401.817736935125,
CORACORA,8.0,8389.008373135006,8420.57746772436,
CORANI,5.0,8512.636147150566,8529.498015833442,
CORCULLA,1.0,8341.402668915216,8343.923184611776,
CORDOVA,1.0,8464.73359627297,8471.791240748122,
CORONEL CASTAÑEDA,3.0,8396.93079919829,8409.519181314983,
CORONEL GREGORIO ALBARRACIN L.,5.0,,,
CORONEL GREGORIO ALBARRACIN LANCHIP,,8055.985713460465,8061.417591360675,
CORONGO,1.0,9053.805636984423,9057.845520467656,
COROSHA,1.0,9357.707188891132,9361.462623903773,
CORRALES,4.0,9601.688550109346,9608.997980283464,
CORTEGANA,6.0,9284.889813079744,9293.212572869797,
COSPAN,3.0,9173.190188245568,9183.720136924056,
COTABAMBAS,4.0,8514.004831927405,8522.01884382202,
COTAHUASI,1.0,8346.052835924342,8350.987611009345,
COTAPARACO,1.0,8902.153133379627,8910.428484620601,
COTARUSE,8.0,8418.187718529816,8440.84585729757,
COVIRIALI,6.0,8766.06436494486,8771.077770730515,
COYLLURQUI,7.0,8497.019988261152,8510.929527175425,
CRISTO NOS VALGA,2.0,9388.12190056635,9391.853934618113,
CRUCERO,3.0,8474.507372017511,8487.930734758751,
CUCHUMBAYA,3.0,8197.436945062507,8199.693381146888,
CUENCA,3.0,8643.391440649073,8668.047382543302,
CUISPES,,9347.928755844421,9351.421879581647,
CUJILLO,4.0,9322.58200135068,9327.085541460936,
CULEBRAS,3.0,8909.546289525995,8919.013620036865,
CULLHUAS,3.0,8658.773890832621,8663.746121369137,
CUPISNIQUE,2.0,9184.658811722204,9191.292820656423,
CURA MORI,4.0,9402.561373678713,9410.089933556577,
CURAHUASI,14.0,8528.876232923794,8538.300277700633,
CURASCO,2.0,8476.559340508025,8483.305647003324,
CURGOS,1.0,9133.500007669654,9138.909748071275,
CURIBAYA,1.0,8131.317567435807,8137.085693583986,
CURICACA,1.0,8708.467592419705,8712.218474857438,
CURIMANA,6.0,9078.908755122276,9088.808771144406,
CURPAHUASI,4.0,8484.103031487828,8497.062727338352,
CUSIPATA,2.0,8509.129918301596,8515.53864636842,
CUTERVO,56.0,9292.895056297246,9305.461443774215,
CUTURAPI,1.0,8267.838180005136,8269.571888959366,
CUYOCUYO,4.0,8461.42787900933,8469.436125098782,
CUÑUMBUQUI,6.0,9276.511558941418,9287.922833508395,
DANIEL ALOMIA ROBLES,4.0,8986.277602094284,8995.629383776057,
DANIEL ALOMIAS ROBLES,,8984.959296065057,8995.628329296076,
DANIEL HERNANDEZ,2.0,8651.162236151287,8657.533083683618,
DEAN VALDIVIA,3.0,8147.57302669155,8155.34544318842,
DESAGUADERO,,8232.215399586965,8239.993761463687,
ECHARATE,19.0,8649.746745191167,8802.472712496063,
EDUARDO VILLANUEVA,1.0,9176.042133818168,9178.357930502018,
EL AGUSTINO,12.0,8671.776432349154,8673.065384017134,
EL ALGARROBAL,,8101.089047454632,8116.156689321121,
EL ALTO,5.0,9528.178609714385,9531.305690821502,
EL CARMEN,3.0,8555.288712544858,8619.646812871639,
EL CARMEN DE LA FRONTERA,9.0,9438.880953845932,9453.174919656927,
EL CENEPA,11.0,9520.4778099315,9613.842750775642,
EL ESLABON,2.0,9231.276409074319,9236.286404663031,
EL INGENIO,3.0,8396.939836776633,8403.956078146244,
EL MANTARO,1.0,8705.055953654675,8707.217398145764,
EL MILAGRO,5.0,9369.821079694286,9384.169796205404,
EL ORO,1.0,8458.97005172026,8463.856620243227,
EL PARCO,3.0,9378.450887667717,9379.35716447661,
EL PORVENIR,15.0,9311.251065614495,9329.986248516874,
EL PRADO,5.0,9218.269088389921,9224.317469536174,
EL TALLAN,2.0,9397.804264316192,9400.348177206102,
EL TAMBO,20.0,8684.199147047584,8693.669787239016,
ELEAZAR GUZMAN BARRON,2.0,9020.804730213697,9023.652119834982,
ELIAS SOPLIN VARGAS,6.0,9337.62207872238,9342.965829200184,
EMILIO SA MARTIN,,9358.8101572874,9390.95271423333,
EMILIO SAN MARTIN,2.0,9372.930036337795,9407.863782002405,
ENCAÑADA,11.0,9225.496114194035,9246.316011149369,
ESPINAR,4.0,8396.849771214085,8416.467579271004,
ESTIQUE,1.0,8111.06742580248,8122.090690582496,
ESTIQUE PAMPA,1.0,,,
ESTIQUE-PAMPA,,8115.194010453842,8119.399341411399,
ETEN PUERTO,1.0,9231.781570578243,9231.781570578243,
FERNANDO LORES,12.0,9569.717091992768,9603.659580456351,
FERREÑAFE,2.0,9265.62519617485,9270.745292864813,
FIDEL OLIVAS ESCUDERO,2.0,9031.211636623802,9036.806332140279,
FITZCARRALD,3.0,8723.675942554264,8756.787382409018,
FLORENCIA DE MORA,5.0,9104.490923760337,9104.490923760337,
FLORIDA,3.0,9357.473694378303,9363.3353300201,
FRONTERA,,9717.363376261057,10008.094629599293,
FUNDICION DE TINYAHUARCO,,8816.633535002642,8816.633535002642,
GAMARRA,,8505.963587209115,8511.560129400805,
GORGOR,1.0,8830.420759745355,8836.581525687563,
GOYLLARIQUIZGA,,8847.640722625945,8849.247443886701,
GOYLLARISQUIZGA,1.0,8845.811966843088,8847.935606180918,
GRANADA,1.0,9326.147078724278,9331.366022636133,
GREGORIO PITA,5.0,9200.106961666983,9210.019879006812,
GROCIO PRADO,3.0,8538.596655357946,8553.763526119132,
GUADALUPE,5.0,9192.367080924345,9198.82898919325,
GUADALUPITO,1.0,9014.352135359315,9030.51535381112,
GUZMANGO,2.0,9184.643604433166,9188.492385944139,
HABANA,1.0,9331.874874630716,9333.355300442327,
HAQUIRA,14.0,8457.118611544827,8476.063649810238,
HAUCRAPUQUIO,,8668.182305017937,8668.182305017937,
HERMILIO VALDIZAN,3.0,8997.457462243807,9001.714554068878,
HEROES ALBARRACIN,2.0,,,
HEROINAS TOLEDO,1.0,8703.47580671115,8707.287179035311,
HONGOS,1.0,8598.825609701797,8605.575880533215,
HONORIA,6.0,9051.822447132769,9060.140418803614,
HUABAL,7.0,9379.95779405294,9386.18672618641,
HUAC-HUAS,3.0,8451.522886070776,8458.661841267274,
HUACACHI,1.0,8975.915136473779,8981.236136689742,
HUACAR,4.0,8878.951985003496,8889.711340258244,
HUACASCHUQUE,1.0,9082.157849576408,9083.3048477724,
HUACAYBAMBA,2.0,9007.50836861584,9016.111902983683,
HUACAÑA,1.0,8449.629538146422,8458.652035449688,
HUACCANA,9.0,8545.477425398796,8563.69478849061,
HUACCHIS,2.0,8989.107884617411,8994.203162063637,
HUACHAC,4.0,8681.775525711806,8683.888493122191,
HUACHAY,,8925.141184264914,8930.510428022802,
HUACHIS,2.0,8962.24066690639,8968.347129949894,
HUACHO,5.0,8751.200052075797,8773.603450015502,
HUACHOCOLPA,5.0,8615.027040143807,8689.467695421885,
HUACHON,4.0,8835.20436272124,8847.112870786106,
HUACHOS,2.0,8549.49715488302,8559.163036491247,
HUACHUPAMPA,2.0,8712.281311829713,8717.22944449345,
HUACLLAN,1.0,8918.322262378124,8923.556172891927,
HUACRACHUCO,5.0,9052.687078698496,9066.38096912775,
HUACRAPUQUIO,1.0,8665.968624829415,8667.315524482272,
HUACULLANI,1.0,8230.368474381068,8245.049853526887,
HUACUYANI,,8244.630115258782,8247.544306256226,
HUAHUARA,,8143.344108393057,8143.344108393057,
HUAILLATI,5.0,,,
HUALGAYOC,12.0,9252.465322774768,9262.248250304547,
HUALHUAS,1.0,8689.692055252033,8691.022672429068,
HUALLA,2.0,,,
HUALLAGA,2.0,9208.049459140082,9221.04416160504,
HUALLANCA,4.0,8924.914963143694,9038.763264306843,
HUALLAY-GRANDE,1.0,,,
HUALMAY,3.0,8775.461691321156,8776.682627022696,
HUAMACHUCO,6.0,9137.750703478563,9147.160034136641,
HUAMALI,1.0,8707.322983475207,8709.411585376907,
HUAMANCACA CHICO,1.0,8677.122213260738,8678.530668274077,
HUAMANGUILLA,3.0,8582.070564384485,8588.37503358125,
HUAMANQUIQUIA,3.0,8501.444346565851,8507.799679091384,
HUAMANTANGA,3.0,8729.75176765349,8740.291804335564,
HUAMATAMBO,1.0,8560.205748926983,8566.54938010131,
HUAMBALPA,2.0,8502.819226605581,8508.929062699744,
HUAMBO,4.0,8753.640933313765,9295.378499301176,
HUAMBOS,8.0,9287.24717437654,9297.923538582769,
HUAMPARA,1.0,8640.597908370179,8643.459954881531,
HUANCA,1.0,8271.322012527364,8283.798725937057,
HUANCA HUANCA,,8584.051042473588,8587.755131654547,
HUANCA-HUANCA,2.0,8585.609977190214,8591.193761003271,
HUANCABAMBA,17.0,9114.173404239002,9436.123890547125,
HUANCAN,2.0,8674.129871409574,8675.679916154268,
HUANCANA,,8508.15871356674,8508.15871356674,
HUANCANE,10.0,8380.545780014789,8395.94170038532,
HUANCANO,2.0,8510.434190933724,8530.870729974507,
HUANCAPI,1.0,8497.290736051282,8510.986059913506,
HUANCAPON,1.0,8839.90658968613,8846.680571047726,
HUANCARAMA,10.0,8518.800369941619,8522.510917302316,
HUANCARANI,1.0,8548.126257595033,8552.860743864685,
HUANCARAY,4.0,8503.323082010349,8509.331192160917,
HUANCARAYLLA,3.0,8499.633508356519,8507.381521288055,
HUANCARQUI,,8254.912639490709,8269.375074368832,
HUANCAS,2.0,9319.13766863125,9320.639845402668,
HUANCASPATA,3.0,9069.572114887851,9078.80032186935,
HUANCAVELICA,11.0,8595.47471554713,8609.170928574733,
HUANCAYA,1.0,8671.056932723213,8683.050597935751,
HUANCAYO,13.0,8688.492589730498,8704.005010466064,
HUANCHACO,8.0,9105.410373928064,9113.988741411486,
HUANCHAY,2.0,8924.671417384174,8931.487561753609,
HUANDO,6.0,8619.242483560676,8631.40470700311,
HUANDOVAL,1.0,9079.641733530683,9083.019914690212,
HUANGASCAR,1.0,8579.836551104889,8584.829157152915,
HUANIPACA,6.0,8540.097687874164,8548.693413030065,
HUANOQUITE,1.0,8523.39503863274,8532.608205675335,
HUANTA,7.0,8596.581852153051,8617.802452313976,
HUANTAN,1.0,8629.571068596948,8638.296941460168,
HUANTAR,2.0,8956.751035026558,8961.75734143003,
HUANUARA,1.0,8141.655631064194,8149.943239898085,
HUANUCO,8.0,8912.387305892564,8916.162177490787,
HUANUHUANU,1.0,8298.802211469963,8314.728869242157,
HUANZA,2.0,8725.286713537242,8737.968205237166,
HUAQUIRCA,4.0,8446.54286979804,8453.415354657922,
HUARAL,14.0,8736.440465225342,8750.379674390419,
HUARANCHAL,2.0,9149.576153917755,9154.971909053264,
HUARANGO,13.0,9420.354422745218,9473.503377089542,
HUARAZ,12.0,8942.039943411686,8950.732260344994,
HUARIACA,3.0,8853.183769583933,8856.91591224463,
HUARIBAMBA,3.0,8664.56619643494,8673.956813632834,
HUARICOLCA,3.0,8735.582935022208,8745.481322647753,
HUARIPAMPA,1.0,8705.359957348024,8706.57718250914,
HUARMACA,21.0,9370.74670562828,9393.48876622926,
HUARMEY,4.0,8887.066870780716,8909.938244839179,
HUAROCHIRI,2.0,8671.438273383388,8691.403651634753,
HUAROCONDO,2.0,8557.400198043566,8563.22318194044,
HUAROS,2.0,8745.036349259364,8753.862234700204,
HUASAHUASI,7.0,8771.031071480846,8805.131471018776,
HUASICANCHA,1.0,8644.777210474007,8649.415335645706,
HUASMIN,9.0,9244.029917229987,9259.41912763444,
HUASTA,2.0,8884.339639755237,8897.087075538364,
HUATASANI,1.0,8398.175158633536,8404.758547402753,
HUAURA,6.0,8780.890279909174,8797.578422995886,
HUAY HUAY,1.0,,,
HUAY-HUAY,,8713.72650852321,8720.95648623049,
HUAYACUNDO ARMA,,8515.705179595137,8517.80765564682,
HUAYAN,1.0,8908.172545932091,8913.176478891406,
HUAYANA,2.0,8478.15315413098,8486.946911646311,
HUAYCUNDO ARMA,,8518.363061895217,8518.363061895217,
HUAYLAS,1.0,9018.023439604432,9023.026235246038,
HUAYLILLAS,1.0,9096.988832325891,9100.64780288839,
HUAYLLABAMBA,4.0,8846.086962844607,9070.312676173558,
HUAYLLACAYAN,2.0,8868.795285789723,8872.93538272789,
HUAYLLAHUARA,1.0,8641.250647697505,8645.65174045086,
HUAYLLAN,3.0,9019.933936564681,9023.374530863106,
HUAYLLAPAMPA,1.0,8888.461275950956,8899.791969380376,
HUAYLLATI,,8489.781503843917,8494.958115490852,
HUAYLLAY,7.0,8793.03659116304,8816.668089722583,
HUAYLLAY GRANDE,,8587.978119010839,8592.28706205224,
HUAYLLO,2.0,8468.184443039758,8475.75307182577,
HUAYNACOTAS,3.0,8384.32426004031,8410.361037568362,
HUAYOPATA,5.0,8592.517614196444,8598.390400300112,
HUAYRAPATA,2.0,8375.199246662598,8387.540334633077,
HUAYTARA,1.0,8506.380901808747,8514.67160477824,
HUAYUCACHI,2.0,8671.850133932483,8673.428565784146,
HUAÑEC,1.0,8649.038223048421,8653.384299311154,
HUEPETUHE,6.0,8613.698439612806,8624.232775707942,
HUERTAS,1.0,8710.612376413095,8713.243939656208,
HUICUNGO,6.0,9205.0582301881,9282.94564178459,
HUIMBAYOC,9.0,9294.357458402543,9305.59193906365,
HUYCABAMBA,,9005.401320134897,9005.401320134897,
IBERIA,6.0,8808.590381452399,8818.772368126874,
ICHOCAN,1.0,9184.87180409324,9186.89096695067,
ICHUPAMPA,1.0,8316.351390282674,8325.793786172857,
ICHUÑA,4.0,8262.650413204612,8284.48767466768,
IGNACIO ESCUDERO,6.0,9464.496014597731,9472.359001596122,
IGUAIN,3.0,8584.534089946004,8590.445230216688,
IHUARI,6.0,8766.512568641068,8779.029827274464,
ILABAYA,4.0,8129.684517530243,8149.279695745726,
ILLIMO,3.0,9282.493739246083,9284.156512111165,
IMPERIAL,4.0,8566.283565101274,8569.945537261028,
INAHUAYA,2.0,9234.609857520863,9241.852546675655,
INAMBARI,2.0,8627.177869980831,8647.920011657377,
INAMBARI    1/,,8612.4438785302,8625.848192081026,
INCAHUASI,2.0,9308.032258187517,9324.991871405786,
INCHUPALLA,2.0,8402.457431593999,8412.060412248444,
INCLAN,2.0,8094.128190011184,8118.552345605495,
INDEPENDENCIA,39.0,8797.675122464889,9006.045884302785,
INDIANA,7.0,9631.384837929758,9648.540081424302,
INGENIO,2.0,8701.010452183447,8707.828085090188,
INGUILPATA,1.0,9310.190858750226,9313.649545844775,
INKAWASI,5.0,,,
IPARIA,12.0,8987.0740083307,9044.688958945655,
IQUITOS,14.0,9605.579041855104,9615.40371612441,
IRAZOLA,7.0,9042.402604055213,9072.438381770215,
ITUATA,3.0,8522.01204294438,8542.198782462028,
IZCUCHACA,1.0,8632.715081422955,8633.983682263352,
IÑAPARI,4.0,8850.500212422272,8896.011018755658,
JACAS CHICO,1.0,8914.731550222285,8918.223208732968,
JACAS GRANDE,5.0,8951.40628270795,8957.653808201414,
JACOBO HUNTER,7.0,8225.265670043465,8226.800934826904,
JAMALCA,9.0,9346.12115191659,9357.08612308702,
JANGAS,1.0,8959.426275363658,8963.114243489283,
JANJAILLO,1.0,8710.083117282884,8712.447731577353,
JAYANCA,2.0,9293.923789941975,9317.190151513532,
JEBEROS,3.0,9433.472505285004,9460.268424317681,
JENARO HERRERA,1.0,9482.993109101293,9494.029216406252,
JEPELACIO,10.0,9322.438596936725,9329.629230145043,
JEQUETEPEQUE,1.0,9186.031604709846,9187.4561948151,
JESUS MARIA,10.0,8668.812121710953,8668.812121710953,
JESUS NAZARENO,2.0,8568.229791515243,8572.037713778958,
JILILI,3.0,9494.478287194099,9504.120672360279,
JIRCAN,1.0,8983.021118607738,8990.98348875948,
JORGE CHAVEZ,1.0,9233.494430566456,9236.140417763758,
JOSE CRESPO Y CASTILLO,2.0,9021.024556862869,9065.506630532791,
JOSE DOMINGO CHOQUEHUANCA,1.0,8391.74102857325,8398.021455487647,
JOSE GALVEZ,2.0,9234.633930211878,9238.043626495131,
JOSE LEONARDO ORTIZ,7.0,9252.329196722181,9254.292211008755,
JOSE LUIS BUSTAMANTE Y RIVERO,5.0,8225.775482591813,8226.74485995037,
JOSE MANUEL QUIROZ,1.0,9188.555700656209,9193.0409189476,
JOSE MARIA ARGUEDAS,2.0,,,
JOSE MARIA QUIMPER,3.0,8197.255477685872,8198.74362480442,
JOSE SABOGAL,6.0,9200.195868620494,9211.55298648575,
JUAN ESPINOZA MEDRANO,5.0,8424.44972331833,8441.057945237135,
JUAN GUERRA,2.0,9274.692650741015,9280.689976796826,
JUANJUI,8.0,9204.690153059333,9218.478459422196,
JULCAMARCA,,8579.471119052943,8585.009725655049,
JULCAN,8.0,9057.226337434038,9114.971630081764,
JULIACA,19.0,8345.537205635375,8357.083476118363,
JUMBILLA,2.0,9346.353289325234,9354.648707896771,
JUSTO APU SAHUARAURA,2.0,8464.756268548344,8474.604291998014,
KAQUIABAMBA,2.0,8533.119286738267,8535.860448626276,
KAQUIBAMBA,,8529.95833240411,8532.56692502407,
KELLUYO,,8216.054015670357,8233.754562351276,
KIMBIRI,10.0,8617.527707612477,8639.1607117583,
KISHUARA,7.0,8519.940312994002,8530.276718441808,
KOSÑIPATA,2.0,8604.622885922276,8630.986877515114,
KUNTURKANKI,1.0,8436.316793607915,8451.371147484437,
LA ARENA,8.0,9408.272336878521,9412.37135168477,
LA BANDA DE SHILCAYO,3.0,9288.359534180268,9301.503453809471,
LA BREA,4.0,9482.258252635813,9490.231548801667,
LA CAPILLA,2.0,8187.595611765637,8204.975692598506,
LA COIPA,17.0,9401.753514824162,9409.237815064724,
LA CRUZ,1.0,9595.881116871764,9598.538318385252,
LA CUESTA,1.0,9123.767327334303,9128.187167428337,
LA ESPERANZA,12.0,9261.821387924847,9271.075330172484,
LA FLORIDA,1.0,9238.424065943667,9243.743188730581,
LA HUACA,5.0,9454.663201269697,9457.212101328361,
LA JALCA,9.0,9282.902353486194,9288.937042215524,
LA JOYA,9.0,8210.6460129882,8226.189835285844,
LA LIBERTAD,1.0,8936.785584451913,8943.545105317884,
LA LIBERTAD DE PALLAN,3.0,9257.746777095828,9267.691384863483,
LA MATANZA,6.0,9410.398291226069,9426.839995474218,
LA MERCED,2.0,8900.081742754863,8934.756310403176,
LA MOLINA,8.0,8668.379644572862,8670.094349712364,
LA MORADA,1.0,,,
LA OROYA,2.0,8725.00939633836,8740.682746262466,
LA PAMPA,1.0,9042.470879686745,9046.503650327679,
LA PECA,6.0,9380.748206449918,9390.778128789609,
LA PERLA,9.0,8668.936401306557,8668.936401306557,
LA PRIMAVERA,1.0,8864.170091039867,8868.443347198841,
LA PUNTA,,8668.516920919908,8668.516920919908,
LA RAMADA,8.0,9311.796748444287,9316.295720819087,
LA TIGUIÑA,,8464.305818940375,8464.305818940375,
LA TINGUIÑA,3.0,8461.622636469327,8465.618082917374,
LA UNION,11.0,8989.286589630194,9406.994164823987,
LA VICTORIA,15.0,9226.384471773592,9245.634485383669,
LA YARADA LOS PALOS,1.0,,,
LABERINTO,4.0,8656.387512520236,8669.752208967913,
LACABAMBA,1.0,9088.66292010469,9092.254675112483,
LACHAQUI,2.0,8727.96776390185,8732.643907946742,
LAGUNAS,21.0,9406.446610505423,9557.67487947716,
LAHUAYTAMBO,2.0,8669.119093556936,8673.144327917835,
LALAQUIZ,4.0,9425.877138079013,9432.942054289531,
LAMBAYEQUE,5.0,9259.488466249359,9268.346572806522,
LAMBRAMA,7.0,8506.5021714098,8516.848680760877,
LAMPIAN,2.0,8759.749945099806,8771.03644653423,
LANCONES,16.0,9505.369690686857,9542.096843068344,
LANGUI,2.0,8452.391960099038,8461.304055119022,
LARAMARCA,1.0,8476.8570682638,8486.835535407557,
LARAMATE,2.0,8438.162356906802,8459.754174031106,
LARAOS,2.0,8657.28453903672,8739.358769874323,
LAREDO,3.0,9104.68855457388,9112.144208716545,
LAS AMAZONAS,4.0,9645.413499544247,9685.251917167809,
LAS LOMAS,15.0,9478.462879764385,9489.775653706276,
LAS PIEDRAS,10.0,8712.356327883424,8752.205299590778,
LAS PIEDRAS   2/,,8681.678529235127,8685.605754416649,
LAS PIRIAS,2.0,9376.554174283956,9381.050530766424,
LEIMEBAMBA,2.0,9254.751445523165,9265.754743715348,
LEONCIO PRADO,8.0,8531.670794456471,8788.575027885328,
LEONOR ORDOÑEZ,1.0,8699.91940946814,8702.12857656639,
LEVANTO,1.0,9304.13753004428,9305.897829165726,
LIMABAMBA,1.0,9283.608822321039,9294.173046082933,
LIMATAMBO,3.0,8543.639368724023,8555.883765383478,
LIMBANI,2.0,8506.332596607268,8537.7977421391,
LINCHA,1.0,8594.343994890332,8601.308143890015,
LIRCAY,11.0,8570.024805006251,8585.042967812906,
LIVITACA,5.0,8458.024031026802,8478.706516041517,
LLACANORA,1.0,9204.643177695389,9207.805847995576,
LLACLLIN,2.0,8881.645869163649,8888.384017001326,
LLALLI,1.0,8392.152706118339,8399.682595467126,
LLAMELLIN,1.0,8998.601823819557,9005.123997608594,
LLAUTA,3.0,8439.612168576497,8456.76781758841,
LLAYLLA,3.0,8756.853367937545,8762.005935426047,
LLIPATA,1.0,8402.753755130047,8404.965301524144,
LLOCHEGUA,9.0,8650.694766846282,8667.22992735206,
LLOCLLAPAMPA,2.0,8702.859438240665,8706.943161126004,
LLOQUE,1.0,8248.251980515275,8257.100247736736,
LLUMPA,4.0,9010.499427542187,9014.248129385383,
LLUSCO,4.0,8440.234403013303,8452.092926892785,
LOBITOS,1.0,9508.51562368911,9516.338672535101,
LOCROJA,4.0,8610.82286767279,8618.262503647695,
LOCUMBA,3.0,8116.144751127805,8120.970032045233,
LONGAR,2.0,9300.871201115542,9307.200900633587,
LONGOTEA,2.0,9220.903712672363,9230.43019534187,
LONGUITA,2.0,9292.588694494614,9294.90421204707,
LONYA CHICO,3.0,9314.329156864493,9316.51588131882,
LONYA GRANDE,11.0,9335.937662510823,9338.820182714177,
LOS AQUIJES,5.0,8452.854575705742,8455.128271477332,
LOS BAÑOS DEL INCA,6.0,9213.023988161001,9222.827487829172,
LOS MOROCHUCOS,5.0,8524.977015466862,8536.534830276601,
LOS OLIVOS,12.0,8680.096679022421,8685.130419911135,
LOS ORGANOS,3.0,9537.53147447993,9542.33451936045,
LUCANAS,4.0,8415.745021325585,8441.142398688666,
LUIS CARRANZA,1.0,8555.7524325938,8564.079733334509,
LUNAHUANA,1.0,8570.020006948109,8580.084697382465,
LURICOCHA,3.0,8596.695944648534,8606.378412874781,
LURIGANCHO,25.0,8680.938659809957,8687.466563687178,
LUYA VIEJO,1.0,9321.9926430076,9324.812951193684,
LUYANDO,4.0,8988.284209362328,8994.722310585745,
LUYANDO 1/,,8988.138172390847,8995.23125754095,
LÍMITE FRONTERIZO,,9401.926084529972,9401.926084529972,
MACARI,7.0,8423.018957198878,8435.585958354968,
MACATE,4.0,9028.04531723214,9042.810938988798,
MACHAGUAY,,8303.610805014428,8314.3836964632,
MACHUPICCHU,3.0,8573.965217418689,8583.441167502402,
MACUSANI,5.0,8499.444473237407,8516.072679084209,
MACUSINI,,8505.533400948536,8505.533400948536,
MADEAN,1.0,8578.569440874562,8587.595652199067,
MADRE DE DIOS,4.0,8652.089446211521,8676.93646340586,
MADRIGAL,1.0,8321.480625106347,8327.209501362568,
MAGDALENA,5.0,9223.291853310127,9298.021200769936,
MAGDALENA DE CAO,1.0,9128.184841389708,9133.675947896341,
MAGDALENA DEL MAR,3.0,8666.787342031063,8666.787342031063,
MAGDALENA VIEJA,,8668.91882734195,8668.91882734195,
MALVAS,2.0,8903.24875911547,8909.980579444296,
MAMARA,1.0,8462.174966527053,8468.64521831187,
MANANTAY,14.0,,,
MANCORA,2.0,9543.562836585867,9545.4654382846,
MANCOS,5.0,8984.63572424772,8986.832034090645,
MANGAS,1.0,8856.93698826404,8864.566315344502,
MANSERICHE,9.0,9489.455053327121,9522.07428532469,
MANUEL ANTONIO,,9256.540727322288,9256.540727322288,
MANUEL ANTONIO MESONES MURO,1.0,9263.48386312895,9268.557732375764,
MANZANARES,1.0,8684.377579776237,8685.322635605204,
MAQUIA,10.0,9365.677400984168,9402.477230562417,
MARANCANI,,8461.167775936607,8462.557664899616,
MARANGANI,4.0,8458.248322740283,8466.10950193689,
MARANURA,3.0,8600.99518854251,8609.763801549496,
MARCABAL,6.0,9150.232158558985,9161.648308503052,
MARCABAMBA,1.0,8355.880428023967,8364.16965339505,
MARCAPATA,2.0,8539.432664747603,8564.247271500395,
MARCAPOMACOCHA,2.0,8747.360769696963,8763.382569102194,
MARCAPTA,,8546.903141168134,8546.903141168134,
MARCARA,2.0,8971.483447953,8974.763046257589,
MARCAS,2.0,8595.356238303271,8603.056596711085,
MARCAVELICA,10.0,9488.708798853313,9537.4959367419,
MARCONA,3.0,8331.674562122573,8350.070895280733,
MARGOS,4.0,8896.693340908374,8909.138135643105,
MARIA PARADO DE BELLIDO,2.0,8517.481871841579,8525.567485722915,
MARIANO DAMASO BERAUN,4.0,8972.988655665544,8979.820071133821,
MARIANO MELGAR,6.0,8229.330575190963,8229.330575190963,
MARIANO NICOLAS VALCARCEL,3.0,8254.940817188673,8271.634331790117,
MARIAS,5.0,8945.613519741359,8953.578164316232,
MARIATANA,2.0,8651.342077427373,8657.312449723086,
MARISCAL BENAVIDES,2.0,9300.712004270266,9305.502019424177,
MARISCAL CACERES,3.0,8216.48211317007,8629.215377298633,
MARISCAL CASTILLA,3.0,9113.542022298703,9276.649785432268,
MARISCAL GAMARRA,10.0,,,
MARISCAL NIETO,,8137.2304113050395,8137.2304113050395,
MARMOT,3.0,,,
MARMOT  1/,,9148.736184244663,9163.302469896997,
MASISEA,20.0,9052.465211076662,9099.178028750259,
MASMA CHICCHE,1.0,8709.38257621136,8713.549764824793,
MATACOTO,1.0,8985.413343719725,8988.314942802495,
MATAHUASI,3.0,8698.934025361852,8700.750923960419,
MATALAQUE,2.0,8227.773929482415,8234.275953841205,
MATAPALO,1.0,9586.122504858233,9597.32624222142,
MATARA,1.0,9196.1881361868,9200.06417743782,
MATUCANA,1.0,8683.623196058374,8738.574938170845,
MAZAMARI,9.0,8760.15538453073,8784.746924716983,
MAÑAZO,5.0,8300.278780163944,8315.685319062815,
MEGANTONI,16.0,,,
MICAELA BASTIDAS,1.0,8472.292738164488,8476.286466386133,
MIGUEL CHECA,2.0,9451.271944967717,9456.761731470913,
MIGUEL IGLESIAS,4.0,9265.311634943788,9273.854224627668,
MILPUC,,9284.278431598195,9287.341500938217,
MILPUCC,2.0,,,
MIRACOSTA,6.0,9295.709104444402,9308.736520424958,
MIRAFLORES,15.0,8850.817941554595,8967.824695469877,
MIRGAS,4.0,8998.158244186403,9006.63601704603,
MOCHUMI,4.0,9272.572355251952,9277.091258425507,
MOLINO,5.0,8905.526632288205,8912.858089252331,
MOLINOPAMPA,3.0,9314.1320059912,9320.532305070168,
MOLINOS,3.0,8722.618946452545,8743.779778973887,
MOLLEBAMBA,2.0,9099.239826750865,9108.559124836858,
MOLLEBAYA,2.0,8219.33679719726,8220.854235971748,
MOLLENDO,3.0,8164.377180128135,8191.699047416873,
MOLLEPAMPA,2.0,8540.636245564956,8556.506453949714,
MOLLEPATA,4.0,8670.145313121666,9105.731327831203,
MONOBAMBA,2.0,8753.712144824483,8763.068153127186,
MONSEFU,4.0,9239.3165756317,9243.260733757254,
MONTERO,4.0,9486.400920910817,9489.98902027423,
MONTEVIDEO,1.0,9268.431614509185,9269.694807474163,
MONZON,8.0,8983.4627127311,8990.853009320552,
MOQUEGUA,10.0,8142.859071894908,8158.229286082208,
MORALES,1.0,9288.62630757066,9292.192552233339,
MORCOLLA,3.0,8459.72172123059,8472.961956337835,
MOROCOCHA,2.0,8727.100543375267,8739.429146500992,
MORONA,9.0,9579.762235119764,9689.857368669751,
MORROPE,21.0,9276.613314731572,9283.050136382446,
MORROPON,5.0,9426.930264233337,9434.64015198726,
MOSOC LLACTA,1.0,8484.26652154876,8488.289944634762,
MOTUPE,5.0,9317.09299813209,9330.04587688331,
MOYOBAMBA,22.0,9354.337037690824,9395.685349238653,
MUQUIYAUYO,1.0,8703.862537136287,8706.44505837815,
MUÑANI,2.0,8431.96151324869,8452.887789732142,
NAMBALLE,6.0,9439.525514781586,9449.434536704428,
NAMORA,5.0,9204.687856553088,9209.949605967648,
NANCHOC,2.0,9227.737020821212,9236.84176419009,
NEPEÑA,2.0,8985.013010296077,8991.527537040382,
NESHUYA,7.0,,,
NICASIO,2.0,8372.046748032682,8378.374976192123,
NICOLAS DE PIEROLA,3.0,8208.440907216436,8224.811446533397,
NIEPOS,4.0,9231.664914361952,9237.117867931502,
NINABAMBA,3.0,9260.254430190342,9263.798110066062,
NINACACA,5.0,8814.70459206419,8833.02994120185,
NUEVA ARICA,2.0,9236.350200193328,9238.211369897315,
NUEVA CAJAMARCA,12.0,9350.086805378578,9360.026726709371,
NUEVA REQUENA,8.0,9103.304571760096,9121.82814700296,
NUEVE DE JULIO,1.0,8698.16860418829,8699.0377036695,
NUEVO CHIMBOTE,7.0,8989.50064529749,9002.895176604961,
NUEVO IMPERIAL,6.0,8565.968977636561,8587.50284103592,
NUEVO OCCORO,2.0,8611.021315355978,8627.11808782406,
NUEVO PROGRESO,6.0,9059.601873247917,9080.514427177326,
OCALLI,5.0,9310.653438727097,9320.019875615739,
OCOBAMBA,9.0,8583.909151507238,8635.996153817718,
OCONGATE,2.0,8531.441697771306,8549.16946194325,
OCORURO,1.0,8379.440773759787,8394.836272436121,
OCUCAJE,4.0,8415.605487775425,8430.574374487318,
OCUMAL,4.0,9298.820726117983,9306.885179349089,
OCUVIRI,3.0,8373.06753530236,8389.260383843091,
OLLACHEA,4.0,8534.641131023855,8546.208985548685,
OLLANTAYTAMBO,3.0,8572.632407807085,8586.375796548235,
OLLARAYA,1.0,8274.015663352704,8278.545503836784,
OLLEROS,6.0,9021.902312144684,9344.026431414304,
OMACHA,4.0,8475.90934307398,8488.791536894481,
ONDORES,3.0,8785.20889600082,8799.60906304931,
ORCOPAMPA,1.0,8361.575650316214,8391.054826523561,
ORCOTUNA,2.0,8689.132536953346,8692.431539732359,
OROPESA,6.0,8455.527220411725,8544.363306831718,
ORURILLO,7.0,8429.899503223252,8442.086140785634,
OTUZCO,9.0,9128.704900334727,9144.67472148682,
OXAMARCA,4.0,9219.403216930674,9232.214706359542,
OXAPAMPA,10.0,8838.56109207992,8849.67714768887,
OYOTUN,4.0,9244.390095842575,9253.56349663136,
PACACAUSA,,8374.92579240194,8378.398640639763,
PACAICAMPA,,9451.709680884516,9469.533847740851,
PACAIPAMPA,8.0,9448.708128340273,9472.77402431954,
PACANGA,2.0,9206.588916512059,9214.517171837437,
PACAPAUSA,1.0,8373.888807148456,8378.526911664152,
PACARAN,1.0,8584.657895021945,8586.490434027728,
PACARAOS,4.0,8774.511940269438,8785.509644494326,
PACASMAYO,2.0,9178.534312852116,9180.364008159375,
PACAYCASA,2.0,8576.614221322297,8580.028293451142,
PACCARITAMBO,1.0,8517.59756662884,8524.449541519141,
PACCHA,13.0,8885.66816297922,9282.151747637039,
PACCHO,4.0,8792.538571909268,8800.838168671882,
PACHACAMAC,15.0,8658.936098488131,8666.323869281987,
PACHACONAS,3.0,8458.07643637849,8464.410212251887,
PACHACUTEC,2.0,8445.218210017714,8448.445350819899,
PACHAMARCA,,8633.203589136685,8640.050924862648,
PACHANGARA,3.0,8805.39088361162,8814.252539647447,
PACHAS,6.0,8932.30705919747,8943.656287500507,
PACHIA,4.0,8088.639300919405,8111.009063496037,
PACHIZA,7.0,9202.993964755764,9227.74517172304,
PACLLON,2.0,8872.720649103196,8878.920999527649,
PACOBAMBA,7.0,8527.574159926757,8543.42715931713,
PACOCHA,1.0,8116.271674127389,8133.17052977985,
PACORA,2.0,9285.831528240613,9289.128089924956,
PACUCHA,6.0,8522.909058361434,8527.274035895201,
PADRE ABAD,14.0,9015.866440580552,9061.704680254674,
PADRE MARQUEZ,6.0,9146.927807632048,9165.117894084819,
PAIJAN,2.0,9143.363329223515,9148.345355286761,
PAIMAS,4.0,9485.421255828729,9490.962693884521,
PAJARILLO,5.0,9205.129277609632,9217.00343745286,
PAL CAZU,,8912.905039848589,8919.63557882706,
PALCAMAYO,7.0,8763.04250652601,8771.645056855321,
PALCAZU,27.0,8885.628145924396,8917.380364795183,
PALLANCHACRA,6.0,8854.988575223982,8860.721046119006,
PALLASCA,1.0,9088.090009412796,9093.691689660229,
PALLPATA,1.0,8396.125690940864,8415.385392225995,
PAMPA HERMOSA,8.0,8912.939105981111,9235.09335132247,
PAMPACHIRI,3.0,8447.773570189554,8464.473623119018,
PAMPACOLCA,,8297.343597587209,8306.95602861743,
PAMPACOLPA,,8297.049519957689,8308.025365372,
PAMPAMARCA,2.0,8657.707941191033,8933.192275622465,
PAMPAROMAS,8.0,8991.342570830833,9002.996936569034,
PAMPAS,8.0,8918.833439925336,9110.00827812142,
PAMPAS CHICO,2.0,8883.814241368993,8892.56539480127,
PAMPAS DE HOSPITAL,4.0,9585.240102988131,9593.434168306223,
PAMPAS GRANDE,1.0,,,
PANCAN,2.0,8711.858754416631,8712.783271378148,
PANGOA,39.0,8729.16713896722,8764.397640925195,
PAPA PLAYA,,9318.6063324973,9318.6063324973,
PAPAPLAYA,6.0,9317.946225233107,9330.584675826163,
PAPAYAL,5.0,9604.056371430917,9610.81004745545,
PARACAS,3.0,8472.461472960269,8486.663023455372,
PARAMONGA,8.0,8834.606996048966,8859.112732095107,
PARANDAY,1.0,9126.779523567384,9128.18266566183,
PARARCA,1.0,8343.99775030917,8346.377684846579,
PARARIN,1.0,8887.631833015244,8896.380707201411,
PARATIA,2.0,8340.186353177463,8352.410221807477,
PARCONA,3.0,8456.042567369244,8457.829436223017,
PARCOY,5.0,9119.326997581835,9128.076807339852,
PARDO MIGUEL,8.0,9371.021545645246,9389.971639023406,
PARIACOTO,3.0,8948.23655797635,8953.021755066136,
PARIAHUANCA,9.0,8747.768787425599,8969.261696918036,
PARINARI,4.0,9500.147351274785,9522.17844868994,
PARINARI   3/,,9504.582653584544,9516.835846272475,
PARIÑAS,7.0,9498.94324222972,9519.364469755854,
PAROBAMBA,6.0,9047.547911589882,9057.5991705968,
PARURO,1.0,8520.67274313028,8529.81636456389,
PASTAZA,9.0,9581.639400982162,9717.731531455009,
PATAMBUCO,4.0,8478.016026795267,8498.417555389518,
PATAPO,3.0,9252.716348047405,9255.027848646565,
PATAYPAMPA,2.0,8459.863071572463,8467.698634407083,
PATIVILCA,5.0,8822.313879122084,8827.274829090464,
PAUCAR,5.0,8863.416039179896,8868.060986563156,
PAUCARA,6.0,8608.912071798393,8620.032732737352,
PAUCARBAMBA,4.0,8628.90590355349,8633.39948255639,
PAUCARCOLLA,1.0,8317.772837539767,8327.544018972392,
PAUCARPATA,14.0,8227.182219638675,8227.911869898468,
PAUCARTAMBO,11.0,8695.086687657906,8832.849815990516,
PAUCAS,2.0,8992.760682889639,8999.140859433042,
PEDRO GALVEZ,5.0,9189.670967501428,9196.192696327093,
PEDRO VILCA APAZA,1.0,8397.581865368767,8405.293826026624,
PERENE,27.0,8809.863418514356,8831.716928891088,
PICHACANI,8.0,8263.703018745351,8292.454339347956,
PICHANAQUI,19.0,8803.71992963714,8826.95906059975,
PICHARI,10.0,8652.060715802878,8669.068804513789,
PICHIGUA,2.0,8421.26085599607,8428.827245600174,
PICHIRHUA,9.0,8505.189397792317,8519.727547537663,
PICHOS,1.0,,,
PICOTA,4.0,9241.451175258107,9245.463699305428,
PILCHACA,1.0,8641.938207729936,8643.929025345147,
PILCOMAYO,1.0,8682.14523089965,8683.185400709,
PILCUYO,8.0,8285.358689603054,8293.294715034386,
PILLCO MARCA,1.0,8898.393260098053,8906.100622365897,
PILLPINTO,1.0,8495.261635716235,8499.701969897635,
PILLUANA,2.0,9257.763696480562,9265.340701912164,
PILLUNA,,9262.71970246558,9262.71970246558,
PILPICANCHA,,8550.09101796395,8550.09101796395,
PILPICHACA,9.0,8535.778437465167,8560.587858181543,
PIMENTEL,3.0,9246.013298956892,9249.053594656594,
PIMPINGOS,8.0,9328.997131386468,9357.698321107991,
PINTO RECOD0,,9314.483404902501,9318.88571939221,
PINTO RECODO,8.0,9314.890499888328,9336.961400245182,
PISACOMA,1.0,8192.90854337275,8215.602228756841,
PISCOBAMBA,2.0,9021.976281053476,9025.180892384902,
PISCOYACU,2.0,9229.771723553693,9233.95407450377,
PISUQUIA,8.0,9285.5022894241,9292.985488575936,
PITIPO,8.0,9281.498745344887,9293.186673748376,
PITUMARCA,2.0,8508.710419876432,8523.691368288122,
PLATERIA,7.0,8296.102590965265,8311.354092584008,
POCOHUANCA,4.0,8457.733502518315,8461.5534752642,
POCOLLAY,1.0,8067.047271009491,8068.889074286687,
POLOBAYA,1.0,8208.541794328163,8215.35704145886,
POLVORA,7.0,9118.741594180103,9149.181684596195,
POMABAMBA,7.0,9029.182938251148,9041.71509485665,
POMACANCHA,3.0,8723.892416839333,8735.70932947153,
POMACANCHI,3.0,8486.55367672635,8498.738352794071,
POMACANCHII,,8499.148307743331,8504.231568214851,
POMACOCHA,4.0,8517.764635285366,8600.237682051857,
POMAHUACA,6.0,9346.592694857653,9363.652888351191,
POMALCA,3.0,9247.731827879325,9252.52010549675,
POMATA,1.0,8258.315992858963,8269.109301804205,
POROTO,1.0,9111.644607947837,9114.359728342859,
POTONI,2.0,8464.52398504859,8477.419093874247,
POZUZO,13.0,8897.059062164446,8909.809999674333,
PROGRESO,5.0,8476.377272960093,8485.351606423412,
PROVIDENCIA,3.0,9302.973051028257,9307.335474126554,
PUCACACA,2.0,9248.822994546857,9253.355413864325,
PUCACOLPA,5.0,,,
PUCALA,1.0,9248.350268242264,9250.852949874168,
PUCARA,12.0,8712.126268420883,9341.91230746394,
PUCAYACU,1.0,,,
PUCHACA,,8640.714217533545,8641.773459880225,
PUCUSANA,2.0,8626.358638395606,8629.264621205504,
PUCYURA,1.0,8547.15041281647,8550.499435088825,
PUEBLO LIBRE,8.0,8990.436110286142,8996.515873663237,
PUEBLO NUEVO,14.0,8965.39177451414,9267.984687121401,
PUENTE PIEDRA,11.0,8692.205965545794,8695.832923302385,
PUERTO BERMUDEZ,22.0,8888.485976147973,8954.518196750283,
PUERTO INCA,9.0,8986.121822215002,9005.571412473622,
PUINAHUA,4.0,9431.34648521259,9451.426760652448,
PUNCHANA,13.0,9624.377022995512,9641.958421271538,
PUNCHAO,1.0,8960.204357310586,8966.182212847447,
PUNTA DE BOMBOM,,8134.725876392244,8134.942760579705,
PUNTA DE BOMBON,1.0,8141.723906295473,8146.301839238229,
PUNTA HERMOSA,1.0,8643.58358870436,8649.885978792126,
PUNTA NEGRA,1.0,8637.531852999962,8639.040150649467,
PUNTINA,,8458.327723016908,8461.37944122219,
PUQUINA,4.0,8208.887146954814,8225.684325999933,
PUQUIO,3.0,8397.832216420753,8414.238179035188,
PUTINA,2.0,8422.666663363783,8455.225580614317,
PUTINZA,1.0,8608.773173831643,8611.384268652091,
PUTUMAYO,8.0,9825.528627803498,9997.209773772927,
PUTUMAYO    1/,,9845.838372192295,10001.91719848197,
PUYUSCA,5.0,8338.878972982448,8353.283611246019,
QUECHUALLA,,8338.171079331845,8343.452189026237,
QUEHUE,2.0,8454.883318893066,8461.299437400929,
QUELLOUNO,8.0,8644.272233553536,8666.798358902051,
QUEQUEÑA,1.0,8214.730982879215,8217.637106933931,
QUERCO,1.0,8481.873452060936,8496.292177360072,
QUERECOTILLO,8.0,9470.97006599766,9485.42596515396,
QUEROBAMBA,3.0,8475.271974241305,8488.613064802077,
QUEROCOTILLO,23.0,9319.899746947733,9482.794572270803,
QUEROCOTO,10.0,9296.585941979487,9302.405529361034,
QUEROPALCA,,8879.020632654767,8883.736075574572,
QUIACA,1.0,8463.0336628219,8478.164152923344,
QUICACHA,1.0,8303.70119852136,8324.046879475889,
QUICHES,2.0,9073.334338172255,9081.826012568356,
QUICHUAS,2.0,,,
QUICHUAY,1.0,8702.116668602148,8707.729675125596,
QUILAHUANI,2.0,8141.285533861332,8143.504406618289,
QUILCA,1.0,8187.345339506166,8198.91002004546,
QUILCAPUNCU,1.0,8417.52262633529,8430.507050998083,
QUILCAS,1.0,8698.224705489598,8705.367918947803,
QUILLO,3.0,8970.282033577181,8977.455635845492,
QUILMANA,1.0,8572.901216437775,8576.588604143868,
QUINCHES,1.0,8644.620272848486,8647.348415459132,
QUINISTAQUILLAS,1.0,8197.843787962065,8201.59314070806,
QUINJALCA,2.0,9330.316437774056,9336.433598496778,
QUINOCAY,1.0,8642.62143651721,8646.827487152625,
QUINOCHAY,,8643.192290924444,8646.572974364992,
QUINUA,3.0,8575.70620649564,8584.681363439257,
QUINUABAMBA,2.0,9040.546054284347,9043.907114387022,
QUIQUIJANA,2.0,8515.533172778745,8525.821636898478,
QUIRO-ARMA,,8516.987142754559,8516.987142754559,
QUIRUVILCA,7.0,9112.41006403226,9126.874073986208,
QUISHUAR,1.0,8662.285676365876,8665.472875896648,
QUISQUI,3.0,8912.896280317173,8919.438492102763,
QUITO ARMA,1.0,,,
QUITO-ARMA,,8515.15782847569,8521.041855741823,
QUIVILLA,,8945.749135443772,8949.606883512972,
QUIÑOTA,3.0,8447.540429263401,8461.193130649686,
RAGASH,2.0,9062.2368655534,9075.11492204409,
RAHUAPAMPA,2.0,8968.38823100905,8970.942063786986,
RAIMONDI,18.0,8836.323370264918,8836.323370264918,
RAMON CASTILLA,9.0,9615.856468970882,9679.076008366814,
RANRACANCHA,6.0,8528.102489992032,8530.761095368649,
RANRAHIRCA,2.0,8987.967781852689,8990.458674230404,
RAPAYAN,1.0,8983.780093727355,8989.162846913096,
RAYMONDI,,8842.043878744396,8886.985724146412,
RAZURI,1.0,9144.677037748424,9150.52328346455,
RECUAY,2.0,8929.424440625655,8933.580148709267,
REQUENA,5.0,9450.325683249666,9471.821788646628,
RICARAN,,8734.034078476021,8734.034078476021,
RICARDO PALMA,1.0,8687.66884459586,8689.203374352486,
RICRAN,2.0,8734.885354601809,8744.357878294908,
RINCONADA LLICUAR,,9393.048466189271,9394.852460552676,
RINCONADA-LLICUAR,1.0,,,
RIO GRANDE,5.0,8349.070235659628,8442.447569252277,
RIO NEGRO,15.0,8787.934341771319,8802.932858475077,
RIO SANTIAGO,11.0,9604.73862446218,9669.530657885243,
RIO TAMBO,24.0,8761.302928122654,8834.40929190006,
RONDOCAN,1.0,8515.550426532423,8524.108243353645,
RONDOS,1.0,8903.680163945332,8913.321877976032,
ROSARIO,10.0,8608.248581411417,8613.851836381513,
ROSASPATA,5.0,8379.775530983903,8390.944732134305,
RUMISAPA,5.0,9294.906630018218,9300.046104957935,
RUPA-RUPA,3.0,8988.88436094058,9003.519980619949,
RÍO SANTIAGO,,9559.053253689117,9613.41909536123,
SABAINO,1.0,8448.50351135127,8455.32672255635,
SABANDIA,1.0,8224.901999624864,8227.1853648139,
SACANCHE,1.0,9222.795096952463,9227.592849669829,
SACHACA,2.0,8226.445798435594,8228.311072142882,
SACSAMARCA,2.0,8475.826444041455,8493.19531380774,
SALAMANCA,,8329.016552478337,8349.596863832227,
SALAVERRY,3.0,9089.11462201437,9094.221838322179,
SALCABAMBA,4.0,8667.64190093994,8679.570155003761,
SALCAHUASI,4.0,8675.838681831803,8682.15587368075,
SALITRAL,7.0,9423.570884535826,9465.523725929432,
SALLIQUE,6.0,9375.072509872109,9387.693919384901,
SAMANCO,3.0,8975.918289264682,8982.781318605701,
SAMEGUA,2.0,8152.024082988175,8155.958651384028,
SAMUEL PASTOR,6.0,8194.206911025496,8197.633020279598,
SAMUGARI,4.0,,,
SAN AGUSTIN,2.0,8687.02059971516,8691.158147455892,
SAN ANDRES,2.0,8485.63525240919,8491.878788690967,
SAN ANDRES DE CUTERVO,5.0,9310.615178416663,9315.732258285232,
SAN ANDRES DE TUPICOCHA,1.0,8679.962520011637,8685.525947337428,
SAN ANTON,3.0,8451.549146845044,8465.144097838385,
SAN ANTONIO,12.0,8484.851148479664,9302.440004157826,
SAN ANTONIO DE ANTAPARCO,2.0,8574.182309068501,8576.400080783404,
SAN ANTONIO DE CACHI,4.0,8500.123432636583,8506.17495383657,
SAN ANTONIO DE CHUCA,2.0,8298.359311501454,8322.183713625845,
SAN ANTONIO DE CUSICANCHA,2.0,8524.45383095563,8533.981051213543,
SAN BARTOLO,1.0,8637.153776648142,8640.692074567885,
SAN BARTOLOME,2.0,8688.645420826342,8691.770834828874,
SAN BENITO,3.0,9174.840665713364,9181.600479844592,
SAN BERNARDINO,3.0,9207.265559785492,9213.622543112713,
SAN BORJA,7.0,8665.602535161555,8666.227076073394,
SAN BUENAVENTURA,3.0,8943.12511136922,9038.150481355371,
SAN CARLOS,,9340.125708331396,9342.496918634697,
SAN CLEMENTE,2.0,8498.678476293264,8505.372148800614,
SAN CRISTOBAL,8.0,8428.919434565356,9329.517895970379,
SAN CRISTOBAL DE RAJAN,1.0,8852.181841514806,8855.559257338507,
SAN DAMIAN,2.0,8681.582700586563,8692.15321035441,
SAN FCO DE ASIS DE YARUSYACAN,10.0,,,
SAN FCO.DE ASIS DE YARUSYAC,,8840.430206989786,8846.420496535051,
SAN FELIPE,2.0,9359.822003987858,9367.119226450717,
SAN FERNANDO,2.0,9354.852975692002,9361.450282576052,
SAN FRANCISCO,3.0,8865.135854453745,8872.432928388342,
SAN FRANCISCO DE ASIS,2.0,8902.372267633125,8907.265947008025,
SAN FRANCISCO DE ASIS DE YARUSYAC,,8841.24818802819,8844.479119807553,
SAN FRANCISCO DE ASIS DE YARUSYACAN,,8844.897867973032,8852.121421752669,
SAN FRANCISCO DE ASIS YARUSYACAN,,8841.225784000973,8850.643633410007,
SAN FRANCISCO DE ASISI DE YARUSYAC,,8841.706606900163,8843.621612248611,
SAN FRANCISCO DE CAYRAN,2.0,8902.042030542167,8906.231286052185,
SAN FRANCISCO DE DAGUAS,1.0,9312.100943646306,9314.067550108113,
SAN FRANCISCO DE RAVACAYCO,1.0,8371.11137462509,8377.280009635215,
SAN FRANCISCO DE SANGAYAICO,2.0,8488.74171115844,8492.381100728464,
SAN FRANCISCO DE YARUSYACAN,,8837.724391320098,8837.724391320098,
SAN FRANCISCO DE YESO,1.0,,,
SAN FRANCISCO DEL YESO,,9268.75637007895,9274.672698336617,
SAN GABAN,5.0,8559.574573049978,8596.837882524915,
SAN GREGORIO,3.0,9214.242212579578,9221.431922301159,
SAN HILARION,3.0,9235.250556899144,9239.604346303471,
SAN IGNACIO,18.0,9430.65496062479,9444.5747578235,
SAN IGNASIO,,9430.0335655167,9437.952835478614,
SAN ISIDRO,8.0,8472.330290526683,8665.911488299605,
SAN ISIDRO DE MAINO,1.0,9299.390790856285,9302.934920237656,
SAN JACINTO,6.0,9578.827883552514,9596.87494219042,
SAN JAVIER DE ALPABAMBA,1.0,8362.897656391671,8369.609153826263,
SAN JERONIMO,11.0,8693.240327795576,9348.15724294887,
SAN JERONIMO DE TUNAN,1.0,8694.18696420121,8697.570149995016,
SAN JOAQUIN,,8652.46258036363,8657.141819363957,
SAN JOSE,9.0,8684.412601875094,9252.65393671186,
SAN JOSE DE LOS CHORRILLOS,3.0,,,
SAN JOSE DE LOS MOLINOS,3.0,8473.180095718055,8485.953686758437,
SAN JOSE DE LOURDES,14.0,9447.09631615231,9486.20287328744,
SAN JOSE DE QUERO,6.0,8677.328316222802,8682.782389853328,
SAN JOSE DE SISA,5.0,9274.03651719524,9282.15947349416,
SAN JOSE DE TICLLAS,4.0,8568.353929548191,8574.407353298697,
SAN JOSE DE USHUA,1.0,8345.60793290405,8347.220852841474,
SAN JOSE DEL ALTO,8.0,9394.484162304703,9408.192049942178,
SAN JUAN,7.0,8886.650202530702,9200.308631988277,
SAN JUAN BAUTISTA,23.0,9136.596562069028,9608.171429865504,
SAN JUAN DE BIGOTE,3.0,9411.192340614112,9419.217071408515,
SAN JUAN DE CARPA,,8666.560557882498,8666.560557882498,
SAN JUAN DE CHACÑA,1.0,8488.661658190298,8494.569042898744,
SAN JUAN DE CUTERVO,4.0,9316.628132390199,9321.85380681939,
SAN JUAN DE IRIS,1.0,8713.20215741905,8715.029468442192,
SAN JUAN DE ISCOS,,8674.199929625504,8675.700158995287,
SAN JUAN DE JARPA,2.0,8673.618577932004,8678.182931796016,
SAN JUAN DE LA VIRGEN,3.0,9592.569454909892,9594.691981151582,
SAN JUAN DE LA VÍRGEN,,9597.089529488123,9599.49688794912,
SAN JUAN DE LICUPIS,3.0,9283.06991533847,9290.966069988765,
SAN JUAN DE LOPECANCHA,2.0,9284.099593059756,9290.978290933934,
SAN JUAN DE LURIGANCHO,37.0,8679.910748400416,8684.280253428984,
SAN JUAN DE MIRAFLORES,28.0,8659.54627720427,8659.86769206436,
SAN JUAN DE ORO,,8536.243257308188,8536.243257308188,
SAN JUAN DE RONTOY,2.0,8986.24274654822,8990.146878801228,
SAN JUAN DE SALINAS,1.0,8398.751621841628,8404.013584984958,
SAN JUAN DE SIGUAS,1.0,8224.451532966654,8230.163233650183,
SAN JUAN DE TANTARACHE,,8679.97458310109,8679.97458310109,
SAN JUAN DE TANTARANCHE,2.0,8680.187101847449,8691.719449614904,
SAN JUAN DE TARUCANI,2.0,8260.557505177932,8285.549841444414,
SAN JUAN DE YANAC,2.0,8548.798911741873,8558.463015135376,
SAN JUAN DE YSCOS,3.0,8674.843892124629,8674.843892124629,
SAN JUAN DEL ORO,3.0,8508.148408834211,8531.104267562754,
SAN JUAN DEL OROI,,8524.841080266675,8529.621798758157,
SAN LORENZO,1.0,8702.697330784194,8706.884056317364,
SAN LORENZO DE QUINTI,2.0,8666.76462721972,8687.457706653173,
SAN LUIS,10.0,8970.35606227407,9213.233020232456,
SAN LUIS DE LUCMA,5.0,9306.327920598671,9312.564644206437,
SAN LUIS DE SHUARO,4.0,8813.483788021571,8822.460223918777,
SAN MARCOS,5.0,8945.556759412973,8959.445526170375,
SAN MARCOS DE ROCCHAC,4.0,8678.012944409242,8681.832691441237,
SAN MARTIN,5.0,9294.76702554215,9307.260076297543,
SAN MARTIN DE PORRES,19.0,8674.387212385293,8675.381007921806,
SAN MARTÍN DE PORRES,,8679.685145344809,8682.0064883839,
SAN MATEO,3.0,8701.80894981609,8709.95011219921,
SAN MATEO DE OTAO,4.0,8693.84813657429,8698.858970643492,
SAN MIGUEL,18.0,8854.046421734703,9229.330340318267,
SAN MIGUEL CAURI,,8871.346811189549,8872.40922640738,
SAN MIGUEL DE ACO,,8966.916395347027,8970.93900780197,
SAN MIGUEL DE ACOS,2.0,8757.633744419765,8759.082867105637,
SAN MIGUEL DE CAURI,2.0,8872.911945925143,8889.192464411926,
SAN MIGUEL DE CHACCRAMPA,4.0,8480.29818847878,8484.594579307804,
SAN MIGUEL DE CORPANQUI,1.0,8864.790757266535,8867.196781341234,
SAN MIGUEL DE EL FAIQUE,9.0,9398.808700761527,9405.738361769032,
SAN MIGUEL DE MAYOCC,1.0,8605.269417230393,8607.170107194706,
SAN NICOLAS,4.0,9111.529655091586,9299.932245706737,
SAN PABLO,17.0,8982.444471498098,9625.71865235807,
SAN PABLO DE PILLAO,3.0,,,
SAN PEDRO,4.0,8519.299061762591,8856.878420147887,
SAN PEDRO DE CACHORA,1.0,8538.519711978688,8545.643108827779,
SAN PEDRO DE CAJAS,6.0,8777.917947923983,8799.124318947093,
SAN PEDRO DE CASTA,,8703.493503252195,8707.364034022163,
SAN PEDRO DE CHANA,3.0,8959.051486278378,8966.468597880157,
SAN PEDRO DE CHAULAN,3.0,8892.68305811621,8905.99237265643,
SAN PEDRO DE CHUNAN,1.0,8715.259985643464,8716.402622642421,
SAN PEDRO DE CORIS,,8625.291213714407,8629.520299344882,
SAN PEDRO DE HUACARPANA,4.0,8563.259869065623,8571.018356469105,
SAN PEDRO DE HUANCAYRE,1.0,8670.1285123452,8675.380132672159,
SAN PEDRO DE LARCAY,1.0,8446.70548807251,8458.605598341248,
SAN PEDRO DE LLOC,3.0,9176.7605959764,9182.692749542988,
SAN PEDRO DE PALCO,2.0,8437.608812406257,8452.429742947153,
SAN PEDRO DE PILAS,,8626.24578927115,8631.395033882573,
SAN PEDRO DE PILLAO,2.0,8854.336032813502,8858.302979827726,
SAN PEDRO DE PUTINA PUNCO,3.0,,,
SAN PEDRO DE ROCCHAC,,8679.153646304472,8679.153646304472,
SAN RAFAEL,15.0,8959.933487998074,9236.526953231316,
SAN RAMON,5.0,8781.539825046058,8789.644169718284,
SAN ROQUE DE CUMBAZA,5.0,9303.635410933033,9316.490494411726,
SAN SALVADOR,2.0,8548.822428574698,8554.844855335645,
SAN SALVADOR DE QUIJE,3.0,8478.46591304989,8485.783879783225,
SAN SEBASTIAN,5.0,8541.819857504563,8548.891518082459,
SAN SILVESTRE DE COCHAN,6.0,9229.808786357748,9239.19304845741,
SAN VICENTE,,8558.994283482436,8561.398532235658,
SAN VICENTE DE CAÑETE,2.0,8556.344971934786,8562.096410064105,
SANAGORAN,4.0,9139.195953077204,9152.904617005313,
SANCOS,7.0,8415.057252858242,8489.911386932245,
SANDIA,4.0,8484.00538432829,8498.43085187233,
SANGALLAYA,4.0,8657.221750706733,8663.59565319707,
SANGARARA,2.0,8496.095690313372,8500.312347956353,
SANJUAN DE YANAC,,8551.580730131469,8551.580730131469,
SANTA ANA,8.0,8582.058421038519,8619.489520645078,
SANTA ANA DE HUAYCAHUACHO,1.0,8449.936821521918,8451.831141454159,
SANTA ANA DE TUSI,16.0,8847.42255462217,8863.276543232234,
SANTA ANITA,12.0,8672.704587743558,8673.41387744966,
SANTA BARBARA DE CARHUACAYA,,8769.970365933532,8782.1085336929,
SANTA BARBARA DE CARHUACAYAN,1.0,8769.752298657295,8781.503085194061,
SANTA CATALINA,4.0,9330.555558678228,9334.942510148876,
SANTA CATALINA DE MOSSA,5.0,9432.422734100423,9437.311490622244,
SANTA CRUZ,25.0,9114.74640412199,9403.519974555245,
SANTA CRUZ DE ANDAMARCA,3.0,8771.706788722444,8780.662709008247,
SANTA CRUZ DE CHUCA,3.0,9099.076406538934,9107.629315692411,
SANTA CRUZ DE COCACHACRA,2.0,8688.7664262281,8689.606315914798,
SANTA CRUZ DE FLORES,1.0,8613.709481391496,8619.961658058552,
SANTA CRUZ DE TOLED,1.0,9188.72883266888,9193.064101929178,
SANTA EULALIA,3.0,8692.389403464536,8700.005265228683,
SANTA ISABEL DE SIGUAS,3.0,8239.482376328508,8250.967604512975,
SANTA ISABEL DE SIHUAS,,8239.200726084295,8246.419840881923,
SANTA JUAN DE SIHUAS,,8225.048995661933,8229.145774031776,
SANTA LEONOR,3.0,8792.743370614446,8804.983870363401,
SANTA LEONOR`,,8791.11079035114,8791.11079035114,
SANTA LUCIA,7.0,8327.063196287654,8393.870749105976,
SANTA LUCÍA,,8325.596274757683,8331.423405962125,
SANTA MARIA,5.0,8774.434948769673,8777.271172766557,
SANTA MARIA DE CHICMO,8.0,8514.877194257992,8520.209394255502,
SANTA MARIA DEL MAR,1.0,8633.355539532466,8633.525284969997,
SANTA MARIA DEL VALLE,9.0,8922.40137859214,8934.267306844062,
SANTA RITA DE SIGUAS,,8214.26713112554,8222.87167971791,
SANTA RITA DE SIHUAS,1.0,8211.12834210372,8211.12834210372,
SANTA ROSA,35.0,8478.966771576215,9406.80328446783,
SANTA ROSA DE OCOPA,2.0,8700.006174735883,8700.791881317142,
SANTA ROSA DE QUIVES,3.0,8716.87515241881,8726.668931271544,
SANTA ROSA DE SACCO,2.0,8730.865857785382,8735.454753412598,
SANTA TERESA,3.0,8574.836701369788,8594.370393066618,
SANTIAGO,12.0,8465.288489711427,8542.668732760629,
SANTIAGO DE ANCHUCAYA,1.0,8677.322023913004,8683.61044732065,
SANTIAGO DE CAO,3.0,9121.861678762734,9127.626053999551,
SANTIAGO DE CHALLAS,2.0,9070.636866797722,9075.965238646699,
SANTIAGO DE CHILCA,,8844.911602127044,8844.911602127044,
SANTIAGO DE CHILCAS,1.0,8846.730959301825,8849.483389932822,
SANTIAGO DE CHOCORVOS,6.0,8484.769421039555,8505.96163862693,
SANTIAGO DE CHUCO,9.0,9085.830029709894,9102.58965158027,
SANTIAGO DE COCHORVOS,,8502.023343271076,8502.023343271076,
SANTIAGO DE LUCANAMARCA,4.0,8490.143842778887,8502.118869032738,
SANTIAGO DE PAUCARAY,3.0,8466.799298933627,8472.527742182667,
SANTIAGO DE PISCHA,4.0,8572.316309028296,8578.897800394832,
SANTIAGO DE PUPUJA,4.0,8388.539944405906,8398.834538489893,
SANTIAGO DE QUIRAHUARA,1.0,8461.474099553585,8466.508431903456,
SANTIAGO DE SURCO,15.0,8662.839618525251,8664.279196254807,
SANTIAGO DE TUNA,1.0,8683.219336216476,8686.510833776094,
SANTILLANA,4.0,8614.264614556465,8628.16270002995,
SANTO DOMINGO,5.0,9440.288542531012,9449.01350568936,
SANTO DOMINGO DE ACOBAMBA,8.0,8706.735878047864,8721.2818620939,
SANTO DOMINGO DE ANDA,1.0,,,
SANTO DOMINGO DE CAPILLAS,2.0,8500.608508842,8518.531027237905,
SANTO DOMINGO DE LA CAPILLA,12.0,9309.326750475504,9314.258308928607,
SANTO DOMINGO DE LOS OLLERO,,8653.967928550768,8660.275043826001,
SANTO DOMINGO DE LOS OLLEROS,3.0,,,
SANTO DOMINGO DE OLLEROS,,8638.041469629416,8638.041469629416,
SANTO TOMAS,27.0,8667.240257965355,9336.192966886425,
SANTO TOMAS DE PATA,1.0,8566.178341065703,8570.866525162226,
SANTO TORIBIO,2.0,9022.854051051441,9029.010937335077,
SAPALLANGA,6.0,8673.7024134646,8680.89644345844,
SAPILLICA,4.0,9468.84370041886,9477.329890586017,
SAPOSOA,12.0,9240.430126610452,9247.069412562567,
SAQUENA,2.0,9509.867237404582,9530.093649294491,
SARA SARA,1.0,8340.028336025738,8342.71617046318,
SARAYACU,13.0,9320.124640616676,9370.358750910673,
SARHUA,4.0,8505.327000654348,8514.873829136488,
SARTIMBAMBA,4.0,9155.859010640064,9172.510425654273,
SATIPO,11.0,8779.009553486194,8797.543459249702,
SAUCEPAMPA,2.0,9259.313597299866,9261.489140863783,
SAURAMA,1.0,8508.897788985814,8511.04873465542,
SAYAPULLO,4.0,9162.407622282703,9170.980990914104,
SAYLLA,1.0,8540.295158063576,8542.819550386415,
SAÑAYCA,3.0,8441.279864722235,8462.198247317197,
SECCLLA,2.0,8572.338080306088,8578.579619342301,
SECHURA,7.0,9361.581563527901,9391.328862886627,
SEPAHUA,4.0,8802.066554627825,8832.174527051484,
SHAMBOYACU,5.0,9230.101107773899,9238.537920891062,
SHANAO,1.0,9297.46854115685,9300.714269908824,
SHAPAJA,1.0,9277.724265014556,9282.046894438923,
SHATOJA,2.0,9283.005970705253,9285.950459822887,
SHILLA,1.0,8981.732056531902,8988.572579711383,
SHIPASBAMBA,1.0,9350.776768713298,9356.183080430097,
SHUNQUI,2.0,8926.481813390674,8930.127355157492,
SHUNTE,1.0,9074.236165555498,9085.681636204088,
SHUPLUY,5.0,8972.550129684008,8983.511297713172,
SIBAYO,1.0,8341.959501238158,8363.61305311271,
SICAYA,1.0,8685.36767669079,8687.79656572191,
SICCHEZ,3.0,9492.730125817803,9495.819144341825,
SICSIBAMBA,2.0,9047.873220700494,9051.779859711252,
SICUANI,8.0,8471.583431727362,8482.06345485814,
SIHUAS,2.0,9057.36097329534,9060.84669734774,
SILLAPATA,1.0,8922.849782885576,8928.731267277175,
SIMBAL,1.0,9120.428799853762,9130.43058402507,
SIMON BOLIVAR,9.0,8822.43228379923,8837.502177065482,
SINCOS,5.0,8692.928310348352,8699.00170695488,
SINSICAP,3.0,9134.324328657614,9146.418952620332,
SITABAMBA,4.0,9114.89520097571,9118.903076875065,
SITACOCHA,6.0,9174.847396454812,9188.2840282505,
SITAJARA,1.0,8135.552677444396,8139.632232754208,
SOCABAYA,6.0,8221.517781236833,8224.421082848305,
SOCOTA,17.0,9303.56219920971,9312.941567322363,
SOLOCO,2.0,9304.971304152466,9309.69916591768,
SONCHE,2.0,9316.090425909912,9322.505900288757,
SONDOR,4.0,9401.541929747982,9415.849075035472,
SONDORILLO,6.0,9403.933497662796,9411.212113253934,
SOPLIN,2.0,9346.673112031267,9404.128894676249,
SORAYA,2.0,8461.425729254313,8463.955622603498,
SORITOR,5.0,9315.138159251763,9325.927047011608,
SOROCHUCO,7.0,9234.568223309452,9239.512587816174,
STA. CRUZ DE ANDAMARCA,,8766.02983358302,8767.333910378395,
STA. ROSA DE QUIVES,,8715.516015614516,8727.144595157508,
STO.DGO. DE LOS OLLEROS,,8662.583251839756,8663.488492392027,
SUBTANJALLA,5.0,8460.443918092102,8461.401616464947,
SUCCHA,2.0,8915.035872195836,8916.956444161839,
SUITUCANCHA,1.0,8702.275644005143,8708.344819118702,
SULLANA,12.0,9462.558976463426,9480.216594482295,
SUMBILCA,4.0,8746.178439471596,8751.857794904943,
SUNAMPE,1.0,8523.225869123187,8524.746210082778,
SUPE PUERTO,3.0,8809.092397578657,8810.162712521475,
SURCUBAMBA,7.0,8673.88108575155,8685.608820264768,
SURQUILLO,6.0,8664.49195846938,8664.49195846938,
SUSAPATA,,8165.49812395858,8166.088820656237,
SUSAPAYA,2.0,8160.535826746239,8174.157204079546,
SUYCKUTAMBO,1.0,8384.259549853567,8398.908518569984,
TABACONAS,9.0,9409.175742302505,9418.092984647828,
TABALOSOS,4.0,9302.8949595497,9319.633259266713,
TACABAMBA,13.0,9292.113560478387,9297.788833935563,
TAHUAMANU,7.0,8777.829138624438,8807.582829713763,
TAHUANIA,6.0,8914.684489615896,8948.08743128212,
TALAVERA,8.0,8517.588089465416,8532.529470156118,
TAMARINDO,1.0,9460.705193632622,9469.638105237911,
TAMBILLO,4.0,8561.610504396125,8570.226643217216,
TAMBO DE MORA,1.0,8518.742572813475,8523.54099484366,
TAMBO GRANDE,25.0,9457.299281611553,9476.608431875138,
TAMBOBAMBA,13.0,8495.098025543934,8519.462133722373,
TAMBOPATA,14.0,8676.716187446631,8759.270985419078,
TAMBURCO,3.0,8527.444806865486,8531.345352137403,
TANTAMAYO,2.0,8968.720248347041,8977.98998820896,
TANTARA,1.0,8560.60952200736,8567.414570381263,
TANTARICA,1.0,9194.164816043696,9203.362502774045,
TAPACOCHA,1.0,8894.168339455304,8897.411467368476,
TAPAIRIHUA,3.0,8466.688112845464,8475.754426126468,
TAPATA,,8157.532768520189,8157.532768520189,
TAPICHE,2.0,9381.767483654015,9399.36732114728,
TARACO,5.0,8366.95029068519,8374.895655365848,
TARAPOTO,11.0,9285.829232780095,9291.951648003467,
TARATA,4.0,8142.668245199077,8155.395035417747,
TARICA,2.0,8961.700227764386,8964.707087634319,
TARUCACHI,1.0,8123.336145465852,8126.185157919821,
TAURIA,,8328.172095785854,8335.357747438757,
TAURIJA,1.0,9086.164922326661,9095.159108924132,
TAURIPAMPA,,8612.14014778077,8622.712535459163,
TAYABAMBA,3.0,9085.712205826365,9094.811369570927,
TENIENTE CESAR LOPEZ ROJAS,8.0,9342.595300183779,9370.179956868085,
TENIENTE MANUEL CLAVERO,5.0,,,
TIABAYA,1.0,8225.25055697449,8227.27921851539,
TIBILLO,1.0,8453.897782358134,8461.471870439771,
TICACO,1.0,8141.649206570786,8157.274212970167,
TICAPAMPA,2.0,8923.579166543379,8930.973364823561,
TICLACAYAN,7.0,8834.737143711549,8851.88676203688,
TICLAYAN,,8845.121402672417,8852.495869386279,
TICLLOS,1.0,8871.381523556653,8876.613577135202,
TICRAPO,1.0,8532.052574724123,8539.787827909779,
TILALI,2.0,8351.608498897402,8357.117627726071,
TINGO DE PONASA,5.0,9238.755568796667,9248.213830616653,
TINGO DE SAPOSOA,1.0,9221.763748689902,9228.648197992748,
TINICACHI,1.0,8279.303680799736,8279.923428793309,
TINTAY,4.0,8489.950821992188,8494.349575421753,
TINTAY PUNCU,4.0,8667.997096594185,8678.070216988728,
TINYAHUARCO,5.0,8818.19626418036,8822.152891562391,
TIQUILLACA,2.0,8300.55116686973,8314.38130945328,
TIRAPATA,1.0,8404.6511744168,8412.111352674521,
TOCACHE,10.0,9093.795305478552,9109.88246994777,
TOCMOCHE,1.0,9288.180118187467,9293.634959766245,
TOMAY KICHWA,,8894.541475173659,8898.447402774003,
TOMAY-KICHWA,1.0,,,
TOMEPAMPA,,8352.358125504039,8354.726655611981,
TONGOD,3.0,9250.481302499864,9257.662711557372,
TORATA,2.0,8168.366692106242,8194.285236563526,
TORAYA,4.0,8474.242314703004,8478.970148920967,
TORIBIO CASANOVA,2.0,9328.537493622498,9344.813946155544,
TORRES CAUSANA,5.0,9875.525837039357,9962.251108635128,
TOTORA,1.0,9284.57537403695,9285.217258943389,
TOURNAVISTA,4.0,9025.103417389466,9041.289346119946,
TRES DE DICIEMBRE,1.0,8672.765439483035,8674.284366438062,
TRES UNIDOS,1.0,9252.641420601578,9261.039450059106,
TROMPETEROS,3.0,9646.465007217796,9740.802588301722,
TRUJILLO,24.0,9099.151830534038,9101.31464357246,
TUCUME,6.0,9279.575962251889,9281.94445721544,
TUMAY HUARACA,3.0,8477.141478891182,8495.584377895297,
TUMBADEN,3.0,9225.365676276531,9235.451256684173,
TUMBES,13.0,9605.727694270952,9611.669706360692,
TUNAN MARCA,1.0,8716.236954312459,8718.513615833832,
TUPAC AMARU,3.0,8478.15803953631,8483.613655658904,
TUPAC AMARU INCA,3.0,8492.34098479582,8493.8740873318,
TURPAY,1.0,8459.76955592499,8465.85951797545,
UBINAS,4.0,8254.123861217073,8281.797082384579,
UCHIZA,12.0,9078.659924316446,9094.868581623236,
UCHUMARCA,1.0,9222.858597459823,9229.9468834246,
UCHUMAYO,3.0,8226.749609736527,8229.765611814648,
UCHURACCAY,6.0,,,
UCHUYMARCO,,8560.086363736516,8560.245340903059,
UCUNCHA,1.0,9210.49883077855,9214.850481362002,
ULCUMAYO,14.0,8799.53499733153,8823.200432015787,
UMACHIRI,3.0,8407.550701658594,8421.46438143829,
UNICACHI,1.0,8276.174705022144,8278.018684034458,
UNION AGUA BLANCA,2.0,9213.62072768383,9223.5118121515,
UPAHUACHO,5.0,8385.068070819756,8393.568791414706,
URANMARCA,3.0,8512.747988150448,8520.468852175956,
URARINAS,6.0,9524.286269401144,9585.828212696051,
URARINAS  4/,,9490.371149866187,9513.596126003984,
URUBAMBA,2.0,8569.042951444664,8577.407631106274,
USICAYOS,2.0,8493.54069557161,8508.42611724286,
USQUIL,10.0,9135.260994746679,9150.483828843486,
UTICYACU,3.0,9267.497252143792,9270.540231111012,
VALERA,3.0,9330.541011210646,9334.200429851353,
VARGAS GUERRA,1.0,9252.876977863121,9268.507869962117,
VEGUETA,1.0,8787.521465502055,8798.039883474194,
VEINTISEIS DE OCTUBRE,9.0,,,
VEINTISIETE DE NOVIEMBRE,2.0,8772.240444780573,8784.394170129872,
VELILLE,2.0,8433.829514366484,8449.049518270116,
VENTANILLA,20.0,8691.390831010876,8695.710983496505,
VICHAYAL,3.0,9460.813543482296,9467.421469813038,
VICTOR LARCO HERRERA,7.0,9097.511678060753,9099.019293670046,
VILAVILA,2.0,8372.582429591112,8379.792006202373,
VILCABAMBA,16.0,8619.489042496676,8848.814741010101,
VILCANCHOS,4.0,8509.563651814799,8517.856465743245,
VILCAS HUAMAN,5.0,8511.44479854903,8517.864064504594,
VILCASHUAMAN,,8512.759505842972,8512.759505842972,
VILLA EL SALVADOR,20.0,8653.646135164709,8653.646135164709,
VILLA MARIA DEL TRIUNFO,28.0,8657.324392337843,8660.136069519256,
VILLA RICA,16.0,8829.141887858268,8853.281783251052,
VILQUE,2.0,8312.635359791428,8322.029516034625,
VILQUE CHICO,9.0,8386.778568736965,8399.929063421938,
VINCHOS,10.0,8548.73712912375,8562.73845222983,
VIQUES,1.0,8667.982460041349,8668.584334242834,
VIRACO,,8302.560707040218,8311.28692919402,
VIRUNDO,1.0,8452.14367449617,8456.8412509533,
VISCHONGO,6.0,8519.624506197251,8533.451724371536,
VISTA ALEGRE,6.0,8619.223174641425,9322.801411653929,
VITARTE,,8670.856101564583,8671.574933022814,
VITOR   1/,,8220.261097695693,8226.657622727646,
WANCHAQ,5.0,8542.813009747586,8542.90611948067,
YAMANGO,7.0,9428.968253636674,9436.459061145579,
YAMBRASBAMBA,6.0,9374.547423765547,9402.935026888865,
YANACA,2.0,8455.740630201768,8460.284157493315,
YANACANCHA,12.0,8728.917271888291,8842.907229367329,
YANAHUANCA,25.0,8837.83027950662,8854.339106926576,
YANAHUANCADANIEL ALCIDES CARRION,,8844.709389169348,8844.709389169348,
YANAHUARA,4.0,8230.204134384543,8230.204134384543,
YANAHUAYA,1.0,8488.387158558238,8496.23775930862,
YANAMA,6.0,9004.676841021186,9008.091470277366,
YANAOCA,3.0,8466.692604676718,8475.091517666278,
YANAQUIHUA,,8291.422559328714,8312.267744009529,
YANATILE,11.0,8625.20723768903,8650.770685773128,
YANQUE,1.0,8300.861962988469,8316.72899247287,
YANTALO,1.0,9345.218835103711,9347.457695592888,
YAQUERANA,2.0,9388.03728141018,9452.762269034183,
YAQUERANA    2/,,9431.70798464974,9459.952153258624,
YARABAMBA,1.0,8212.459816531526,8216.997575512209,
YARINACOCHA,22.0,9095.572597011746,9111.652062908992,
YARUMAYO,3.0,8904.943383294914,8908.99280098052,
YAUCA DEL ROSARIO,4.0,8454.821823926712,8466.607561396655,
YAUCA DEL ROSARIO  1/,,8453.014367895392,8463.8172811178,
YAURISQUE,1.0,8529.242189452161,8533.002789016831,
YAURISQUITE,,8528.580319100241,8534.412685484453,
YAUTAN,2.0,8949.401799283129,8957.256463987807,
YAUYOS,4.0,8601.219510766765,8709.420454398936,
YAUYUCAN,4.0,9259.975703714954,9262.00391295175,
YAVARI,4.0,9562.545639723201,9596.495046045706,
YAVARÍ,,9587.10282424732,9600.214197905381,
YORONGOS,2.0,9321.674684098298,9327.594893021329,
YUNGAR,4.0,8963.512697483318,8965.903489704173,
YUNGAY,7.0,8992.922459362408,9000.833261591282,
YUNGUYO,10.0,8269.329050365268,8277.169224402827,
YURACMARCA,3.0,9033.14823364923,9042.1804698312,
YURACYACU,1.0,9347.466720076916,9350.67032825401,
YURIMAGUAS,34.0,9358.555673979938,9382.444328349533,
YUYAPICHIS,6.0,8948.465073860127,8967.596524729339,
ZAPATERO,11.0,9281.29724389667,9292.039176849225,
ZARUMILLA,2.0,9616.527393968086,9619.767971199639,
ZEPITA,2.0,8243.529243066141,8256.97485550098,
ZORRITOS,5.0,9570.447575605118,9596.21887401407,
ZURITE,1.0,8546.176049172578,8550.132194878473,
ZUÑIGA,1.0,8588.262836631675,8595.13272827936,
ÑAHUIMPUQUIO,1.0,8650.57791022793,8654.007090229079,
ÑAHUINPUQUIO,,8648.45025926737,8651.535798169276,
